STRUCTURE,STRUCTURE_ID,STRUCTURE_NAME,ACTION,REF_AREA,Reference area,FREQ,Frequency of observation,MEASURE,Measure,AGE,Age,SEX,Sex,UNIT_MEASURE,Unit of measure,TIME_PERIOD,Time period,OBS_VALUE,Observation value,OBS_STATUS,Observation status,UNIT_MULT,Unit multiplier
DATAFLOW,OECD.ELS.HD:DSD_HEALTH_MORTALITY@DF_MORTALITY_COVID(1.0),COVID-19 mortality by week,I,AUS,Australia,W,Weekly,MCVD19,Mortality due to COVID-19,_T,Total,_T,Total,PT_DT,Percentage of deaths,2020-W01,,0,,A,Normal value,0,Units
DATAFLOW,OECD.ELS.HD:DSD_HEALTH_MORTALITY@DF_MORTALITY_COVID(1.0),COVID-19 mortality by week,I,AUS,Australia,W,Weekly,MCVD19,Mortality due to COVID-19,_T,Total,_T,Total,PT_DT,Percentage of deaths,2020-W02,,0,,A,Normal value,0,Units
DATAFLOW,OECD.ELS.HD:DSD_HEALTH_MORTALITY@DF_MORTALITY_COVID(1.0),COVID-19 mortality by week,I,AUS,Australia,W,Weekly,MCVD19,Mortality due to COVID-19,_T,Total,_T,Total,PT_DT,Percentage of deaths,2020-W03,,0,,A,Normal value,0,Units
DATAFLOW,OECD.ELS.HD:DSD_HEALTH_MORTALITY@DF_MORTALITY_COVID(1.0),COVID-19 mortality by week,I,AUS,Australia,W,Weekly,MCVD19,Mortality due to COVID-19,_T,Total,_T,Total,PT_DT,Percentage of deaths,2020-W04,,0,,A,Normal value,0,Units
DATAFLOW,OECD.ELS.HD:DSD_HEALTH_MORTALITY@DF_MORTALITY_COVID(1.0),COVID-19 mortality by week,I,AUS,Australia,W,Weekly,MCVD19,Mortality due to COVID-19,_T,Total,_T,Total,PT_DT,Percentage of deaths,2020-W05,,0,,A,Normal value,0,Units
DATAFLOW,OECD.ELS.HD:DSD_HEALTH_MORTALITY@DF_MORTALITY_COVID(1.0),COVID-19 mortality by week,I,AUS,Australia,W,Weekly,MCVD19,Mortality due to COVID-19,_T,Total,_T,Total,PT_DT,Percentage of deaths,2020-W06,,0,,A,Normal value,0,Units
DATAFLOW,OECD.ELS.HD:DSD_HEALTH_MORTALITY@DF_MORTALITY_COVID(1.0),COVID-19 mortality by week,I,AUS,Australia,W,Weekly,MCVD19,Mortality due to COVID-19,_T,Total,_T,Total,PT_DT,Percentage of deaths,2020-W07,,0,,A,Normal value,0,Units
DATAFLOW,OECD.ELS.HD:DSD_HEALTH_MORTALITY@DF_MORTALITY_COVID(1.0),COVID-19 mortality by week,I,AUS,Australia,W,Weekly,MCVD19,Mortality due to COVID-19,_T,Total,_T,Total,PT_DT,Percentage of deaths,2020-W08,,0,,A,Normal value,0,Units
DATAFLOW,OECD.ELS.HD:DSD_HEALTH_MORTALITY@DF_MORTALITY_COVID(1.0),COVID-19 mortality by week,I,AUS,Australia,W,Weekly,MCVD19,Mortality due to COVID-19,_T,Total,_T,Total,PT_DT,Percentage of deaths,2020-W09,,0,,A,Normal value,0,Units
DATAFLOW,OECD.ELS.HD:DSD_HEALTH_MORTALITY@DF_MORTALITY_COVID(1.0),COVID-19 mortality by week,I,AUS,Australia,W,Weekly,MCVD19,Mortality due to COVID-19,_T,Total,_T,Total,PT_DT,Percentage of deaths,2020-W10,,0.1,,A,Normal value,0,Units
DATAFLOW,OECD.ELS.HD:DSD_HEALTH_MORTALITY@DF_MORTALITY_COVID(1.0),COVID-19 mortality by week,I,AUS,Australia,W,Weekly,MCVD19,Mortality due to COVID-19,_T,Total,_T,Total,PT_DT,Percentage of deaths,2020-W11,,0.1,,A,Normal value,0,Units
DATAFLOW,OECD.ELS.HD:DSD_HEALTH_MORTALITY@DF_MORTALITY_COVID(1.0),COVID-19 mortality by week,I,AUS,Australia,W,Weekly,MCVD19,Mortality due to COVID-19,_T,Total,_T,Total,PT_DT,Percentage of deaths,2020-W12,,0.1,,A,Normal value,0,Units
DATAFLOW,OECD.ELS.HD:DSD_HEALTH_MORTALITY@DF_MORTALITY_COVID(1.0),COVID-19 mortality by week,I,AUS,Australia,W,Weekly,MCVD19,Mortality due to COVID-19,_T,Total,_T,Total,PT_DT,Percentage of deaths,2020-W13,,0.2,,A,Normal value,0,Units
DATAFLOW,OECD.ELS.HD:DSD_HEALTH_MORTALITY@DF_MORTALITY_COVID(1.0),COVID-19 mortality by week,I,AUS,Australia,W,Weekly,MCVD19,Mortality due to COVID-19,_T,Total,_T,Total,PT_DT,Percentage of deaths,2020-W14,,0.6,,A,Normal value,0,Units
DATAFLOW,OECD.ELS.HD:DSD_HEALTH_MORTALITY@DF_MORTALITY_COVID(1.0),COVID-19 mortality by week,I,AUS,Australia,W,Weekly,MCVD19,Mortality due to COVID-19,_T,Total,_T,Total,PT_DT,Percentage of deaths,2020-W15,,0.8,,A,Normal value,0,Units
DATAFLOW,OECD.ELS.HD:DSD_HEALTH_MORTALITY@DF_MORTALITY_COVID(1.0),COVID-19 mortality by week,I,AUS,Australia,W,Weekly,MCVD19,Mortality due to COVID-19,_T,Total,_T,Total,PT_DT,Percentage of deaths,2020-W16,,0.4,,A,Normal value,0,Units
DATAFLOW,OECD.ELS.HD:DSD_HEALTH_MORTALITY@DF_MORTALITY_COVID(1.0),COVID-19 mortality by week,I,AUS,Australia,W,Weekly,MCVD19,Mortality due to COVID-19,_T,Total,_T,Total,PT_DT,Percentage of deaths,2020-W17,,0.4,,A,Normal value,0,Units
DATAFLOW,OECD.ELS.HD:DSD_HEALTH_MORTALITY@DF_MORTALITY_COVID(1.0),COVID-19 mortality by week,I,AUS,Australia,W,Weekly,MCVD19,Mortality due to COVID-19,_T,Total,_T,Total,PT_DT,Percentage of deaths,2020-W18,,0.5,,A,Normal value,0,Units
DATAFLOW,OECD.ELS.HD:DSD_HEALTH_MORTALITY@DF_MORTALITY_COVID(1.0),COVID-19 mortality by week,I,AUS,Australia,W,Weekly,MCVD19,Mortality due to COVID-19,_T,Total,_T,Total,PT_DT,Percentage of deaths,2020-W19,,0.1,,A,Normal value,0,Units
DATAFLOW,OECD.ELS.HD:DSD_HEALTH_MORTALITY@DF_MORTALITY_COVID(1.0),COVID-19 mortality by week,I,AUS,Australia,W,Weekly,MCVD19,Mortality due to COVID-19,_T,Total,_T,Total,PT_DT,Percentage of deaths,2020-W20,,0.1,,A,Normal value,0,Units
DATAFLOW,OECD.ELS.HD:DSD_HEALTH_MORTALITY@DF_MORTALITY_COVID(1.0),COVID-19 mortality by week,I,AUS,Australia,W,Weekly,MCVD19,Mortality due to COVID-19,_T,Total,_T,Total,PT_DT,Percentage of deaths,2020-W21,,0.1,,A,Normal value,0,Units
DATAFLOW,OECD.ELS.HD:DSD_HEALTH_MORTALITY@DF_MORTALITY_COVID(1.0),COVID-19 mortality by week,I,AUS,Australia,W,Weekly,MCVD19,Mortality due to COVID-19,_T,Total,_T,Total,PT_DT,Percentage of deaths,2020-W22,,0,,A,Normal value,0,Units
DATAFLOW,OECD.ELS.HD:DSD_HEALTH_MORTALITY@DF_MORTALITY_COVID(1.0),COVID-19 mortality by week,I,AUS,Australia,W,Weekly,MCVD19,Mortality due to COVID-19,_T,Total,_T,Total,PT_DT,Percentage of deaths,2020-W23,,0,,A,Normal value,0,Units
DATAFLOW,OECD.ELS.HD:DSD_HEALTH_MORTALITY@DF_MORTALITY_COVID(1.0),COVID-19 mortality by week,I,AUS,Australia,W,Weekly,MCVD19,Mortality due to COVID-19,_T,Total,_T,Total,PT_DT,Percentage of deaths,2020-W24,,0,,A,Normal value,0,Units
DATAFLOW,OECD.ELS.HD:DSD_HEALTH_MORTALITY@DF_MORTALITY_COVID(1.0),COVID-19 mortality by week,I,AUS,Australia,W,Weekly,MCVD19,Mortality due to COVID-19,_T,Total,_T,Total,PT_DT,Percentage of deaths,2020-W25,,0,,A,Normal value,0,Units
DATAFLOW,OECD.ELS.HD:DSD_HEALTH_MORTALITY@DF_MORTALITY_COVID(1.0),COVID-19 mortality by week,I,AUS,Australia,W,Weekly,MCVD19,Mortality due to COVID-19,_T,Total,_T,Total,PT_DT,Percentage of deaths,2020-W26,,0,,A,Normal value,0,Units
DATAFLOW,OECD.ELS.HD:DSD_HEALTH_MORTALITY@DF_MORTALITY_COVID(1.0),COVID-19 mortality by week,I,AUS,Australia,W,Weekly,MCVD19,Mortality due to COVID-19,_T,Total,_T,Total,PT_DT,Percentage of deaths,2020-W27,,0,,A,Normal value,0,Units
DATAFLOW,OECD.ELS.HD:DSD_HEALTH_MORTALITY@DF_MORTALITY_COVID(1.0),COVID-19 mortality by week,I,AUS,Australia,W,Weekly,MCVD19,Mortality due to COVID-19,_T,Total,_T,Total,PT_DT,Percentage of deaths,2020-W28,,0.1,,A,Normal value,0,Units
DATAFLOW,OECD.ELS.HD:DSD_HEALTH_MORTALITY@DF_MORTALITY_COVID(1.0),COVID-19 mortality by week,I,AUS,Australia,W,Weekly,MCVD19,Mortality due to COVID-19,_T,Total,_T,Total,PT_DT,Percentage of deaths,2020-W29,,0.5,,A,Normal value,0,Units
DATAFLOW,OECD.ELS.HD:DSD_HEALTH_MORTALITY@DF_MORTALITY_COVID(1.0),COVID-19 mortality by week,I,AUS,Australia,W,Weekly,MCVD19,Mortality due to COVID-19,_T,Total,_T,Total,PT_DT,Percentage of deaths,2020-W30,,1.3,,A,Normal value,0,Units
DATAFLOW,OECD.ELS.HD:DSD_HEALTH_MORTALITY@DF_MORTALITY_COVID(1.0),COVID-19 mortality by week,I,AUS,Australia,W,Weekly,MCVD19,Mortality due to COVID-19,_T,Total,_T,Total,PT_DT,Percentage of deaths,2020-W31,,2.8,,A,Normal value,0,Units
DATAFLOW,OECD.ELS.HD:DSD_HEALTH_MORTALITY@DF_MORTALITY_COVID(1.0),COVID-19 mortality by week,I,AUS,Australia,W,Weekly,MCVD19,Mortality due to COVID-19,_T,Total,_T,Total,PT_DT,Percentage of deaths,2020-W32,,3.1,,A,Normal value,0,Units
DATAFLOW,OECD.ELS.HD:DSD_HEALTH_MORTALITY@DF_MORTALITY_COVID(1.0),COVID-19 mortality by week,I,AUS,Australia,W,Weekly,MCVD19,Mortality due to COVID-19,_T,Total,_T,Total,PT_DT,Percentage of deaths,2020-W33,,4,,A,Normal value,0,Units
DATAFLOW,OECD.ELS.HD:DSD_HEALTH_MORTALITY@DF_MORTALITY_COVID(1.0),COVID-19 mortality by week,I,AUS,Australia,W,Weekly,MCVD19,Mortality due to COVID-19,_T,Total,_T,Total,PT_DT,Percentage of deaths,2020-W34,,3.4,,A,Normal value,0,Units
DATAFLOW,OECD.ELS.HD:DSD_HEALTH_MORTALITY@DF_MORTALITY_COVID(1.0),COVID-19 mortality by week,I,AUS,Australia,W,Weekly,MCVD19,Mortality due to COVID-19,_T,Total,_T,Total,PT_DT,Percentage of deaths,2020-W35,,3,,A,Normal value,0,Units
DATAFLOW,OECD.ELS.HD:DSD_HEALTH_MORTALITY@DF_MORTALITY_COVID(1.0),COVID-19 mortality by week,I,AUS,Australia,W,Weekly,MCVD19,Mortality due to COVID-19,_T,Total,_T,Total,PT_DT,Percentage of deaths,2020-W36,,1.8,,A,Normal value,0,Units
DATAFLOW,OECD.ELS.HD:DSD_HEALTH_MORTALITY@DF_MORTALITY_COVID(1.0),COVID-19 mortality by week,I,AUS,Australia,W,Weekly,MCVD19,Mortality due to COVID-19,_T,Total,_T,Total,PT_DT,Percentage of deaths,2020-W37,,1.4,,A,Normal value,0,Units
DATAFLOW,OECD.ELS.HD:DSD_HEALTH_MORTALITY@DF_MORTALITY_COVID(1.0),COVID-19 mortality by week,I,AUS,Australia,W,Weekly,MCVD19,Mortality due to COVID-19,_T,Total,_T,Total,PT_DT,Percentage of deaths,2020-W38,,1.2,,A,Normal value,0,Units
DATAFLOW,OECD.ELS.HD:DSD_HEALTH_MORTALITY@DF_MORTALITY_COVID(1.0),COVID-19 mortality by week,I,AUS,Australia,W,Weekly,MCVD19,Mortality due to COVID-19,_T,Total,_T,Total,PT_DT,Percentage of deaths,2020-W39,,0.7,,A,Normal value,0,Units
DATAFLOW,OECD.ELS.HD:DSD_HEALTH_MORTALITY@DF_MORTALITY_COVID(1.0),COVID-19 mortality by week,I,AUS,Australia,W,Weekly,MCVD19,Mortality due to COVID-19,_T,Total,_T,Total,PT_DT,Percentage of deaths,2020-W40,,0.6,,A,Normal value,0,Units
DATAFLOW,OECD.ELS.HD:DSD_HEALTH_MORTALITY@DF_MORTALITY_COVID(1.0),COVID-19 mortality by week,I,AUS,Australia,W,Weekly,MCVD19,Mortality due to COVID-19,_T,Total,_T,Total,PT_DT,Percentage of deaths,2020-W41,,0.2,,A,Normal value,0,Units
DATAFLOW,OECD.ELS.HD:DSD_HEALTH_MORTALITY@DF_MORTALITY_COVID(1.0),COVID-19 mortality by week,I,AUS,Australia,W,Weekly,MCVD19,Mortality due to COVID-19,_T,Total,_T,Total,PT_DT,Percentage of deaths,2020-W42,,0,,A,Normal value,0,Units
DATAFLOW,OECD.ELS.HD:DSD_HEALTH_MORTALITY@DF_MORTALITY_COVID(1.0),COVID-19 mortality by week,I,AUS,Australia,W,Weekly,MCVD19,Mortality due to COVID-19,_T,Total,_T,Total,PT_DT,Percentage of deaths,2020-W43,,0.1,,A,Normal value,0,Units
DATAFLOW,OECD.ELS.HD:DSD_HEALTH_MORTALITY@DF_MORTALITY_COVID(1.0),COVID-19 mortality by week,I,AUS,Australia,W,Weekly,MCVD19,Mortality due to COVID-19,_T,Total,_T,Total,PT_DT,Percentage of deaths,2020-W44,,0,,A,Normal value,0,Units
DATAFLOW,OECD.ELS.HD:DSD_HEALTH_MORTALITY@DF_MORTALITY_COVID(1.0),COVID-19 mortality by week,I,AUS,Australia,W,Weekly,MCVD19,Mortality due to COVID-19,_T,Total,_T,Total,PT_DT,Percentage of deaths,2020-W45,,0,,A,Normal value,0,Units
DATAFLOW,OECD.ELS.HD:DSD_HEALTH_MORTALITY@DF_MORTALITY_COVID(1.0),COVID-19 mortality by week,I,AUS,Australia,W,Weekly,MCVD19,Mortality due to COVID-19,_T,Total,_T,Total,PT_DT,Percentage of deaths,2020-W46,,0.1,,A,Normal value,0,Units
DATAFLOW,OECD.ELS.HD:DSD_HEALTH_MORTALITY@DF_MORTALITY_COVID(1.0),COVID-19 mortality by week,I,AUS,Australia,W,Weekly,MCVD19,Mortality due to COVID-19,_T,Total,_T,Total,PT_DT,Percentage of deaths,2020-W47,,0,,A,Normal value,0,Units
DATAFLOW,OECD.ELS.HD:DSD_HEALTH_MORTALITY@DF_MORTALITY_COVID(1.0),COVID-19 mortality by week,I,AUS,Australia,W,Weekly,MCVD19,Mortality due to COVID-19,_T,Total,_T,Total,PT_DT,Percentage of deaths,2020-W48,,0,,A,Normal value,0,Units
DATAFLOW,OECD.ELS.HD:DSD_HEALTH_MORTALITY@DF_MORTALITY_COVID(1.0),COVID-19 mortality by week,I,AUS,Australia,W,Weekly,MCVD19,Mortality due to COVID-19,_T,Total,_T,Total,PT_DT,Percentage of deaths,2020-W49,,0,,A,Normal value,0,Units
DATAFLOW,OECD.ELS.HD:DSD_HEALTH_MORTALITY@DF_MORTALITY_COVID(1.0),COVID-19 mortality by week,I,AUS,Australia,W,Weekly,MCVD19,Mortality due to COVID-19,_T,Total,_T,Total,PT_DT,Percentage of deaths,2020-W50,,0,,A,Normal value,0,Units
DATAFLOW,OECD.ELS.HD:DSD_HEALTH_MORTALITY@DF_MORTALITY_COVID(1.0),COVID-19 mortality by week,I,AUS,Australia,W,Weekly,MCVD19,Mortality due to COVID-19,_T,Total,_T,Total,PT_DT,Percentage of deaths,2020-W51,,0,,A,Normal value,0,Units
DATAFLOW,OECD.ELS.HD:DSD_HEALTH_MORTALITY@DF_MORTALITY_COVID(1.0),COVID-19 mortality by week,I,AUS,Australia,W,Weekly,MCVD19,Mortality due to COVID-19,_T,Total,_T,Total,PT_DT,Percentage of deaths,2020-W52,,0,,A,Normal value,0,Units
DATAFLOW,OECD.ELS.HD:DSD_HEALTH_MORTALITY@DF_MORTALITY_COVID(1.0),COVID-19 mortality by week,I,AUS,Australia,W,Weekly,MCVD19,Mortality due to COVID-19,_T,Total,_T,Total,PT_DT,Percentage of deaths,2020-W53,,0.1,,A,Normal value,0,Units
DATAFLOW,OECD.ELS.HD:DSD_HEALTH_MORTALITY@DF_MORTALITY_COVID(1.0),COVID-19 mortality by week,I,AUS,Australia,W,Weekly,MCVD19,Mortality due to COVID-19,_T,Total,_T,Total,PT_DT,Percentage of deaths,2021-W01,,0,,A,Normal value,0,Units
DATAFLOW,OECD.ELS.HD:DSD_HEALTH_MORTALITY@DF_MORTALITY_COVID(1.0),COVID-19 mortality by week,I,AUS,Australia,W,Weekly,MCVD19,Mortality due to COVID-19,_T,Total,_T,Total,PT_DT,Percentage of deaths,2021-W02,,0,,A,Normal value,0,Units
DATAFLOW,OECD.ELS.HD:DSD_HEALTH_MORTALITY@DF_MORTALITY_COVID(1.0),COVID-19 mortality by week,I,AUS,Australia,W,Weekly,MCVD19,Mortality due to COVID-19,_T,Total,_T,Total,PT_DT,Percentage of deaths,2021-W03,,0,,A,Normal value,0,Units
DATAFLOW,OECD.ELS.HD:DSD_HEALTH_MORTALITY@DF_MORTALITY_COVID(1.0),COVID-19 mortality by week,I,AUS,Australia,W,Weekly,MCVD19,Mortality due to COVID-19,_T,Total,_T,Total,PT_DT,Percentage of deaths,2021-W04,,0,,A,Normal value,0,Units
DATAFLOW,OECD.ELS.HD:DSD_HEALTH_MORTALITY@DF_MORTALITY_COVID(1.0),COVID-19 mortality by week,I,AUS,Australia,W,Weekly,MCVD19,Mortality due to COVID-19,_T,Total,_T,Total,PT_DT,Percentage of deaths,2021-W05,,0,,A,Normal value,0,Units
DATAFLOW,OECD.ELS.HD:DSD_HEALTH_MORTALITY@DF_MORTALITY_COVID(1.0),COVID-19 mortality by week,I,AUS,Australia,W,Weekly,MCVD19,Mortality due to COVID-19,_T,Total,_T,Total,PT_DT,Percentage of deaths,2021-W06,,0,,A,Normal value,0,Units
DATAFLOW,OECD.ELS.HD:DSD_HEALTH_MORTALITY@DF_MORTALITY_COVID(1.0),COVID-19 mortality by week,I,AUS,Australia,W,Weekly,MCVD19,Mortality due to COVID-19,_T,Total,_T,Total,PT_DT,Percentage of deaths,2021-W07,,0,,A,Normal value,0,Units
DATAFLOW,OECD.ELS.HD:DSD_HEALTH_MORTALITY@DF_MORTALITY_COVID(1.0),COVID-19 mortality by week,I,AUS,Australia,W,Weekly,MCVD19,Mortality due to COVID-19,_T,Total,_T,Total,PT_DT,Percentage of deaths,2021-W08,,0,,A,Normal value,0,Units
DATAFLOW,OECD.ELS.HD:DSD_HEALTH_MORTALITY@DF_MORTALITY_COVID(1.0),COVID-19 mortality by week,I,AUS,Australia,W,Weekly,MCVD19,Mortality due to COVID-19,_T,Total,_T,Total,PT_DT,Percentage of deaths,2021-W09,,0,,A,Normal value,0,Units
DATAFLOW,OECD.ELS.HD:DSD_HEALTH_MORTALITY@DF_MORTALITY_COVID(1.0),COVID-19 mortality by week,I,AUS,Australia,W,Weekly,MCVD19,Mortality due to COVID-19,_T,Total,_T,Total,PT_DT,Percentage of deaths,2021-W10,,0,,A,Normal value,0,Units
DATAFLOW,OECD.ELS.HD:DSD_HEALTH_MORTALITY@DF_MORTALITY_COVID(1.0),COVID-19 mortality by week,I,AUS,Australia,W,Weekly,MCVD19,Mortality due to COVID-19,_T,Total,_T,Total,PT_DT,Percentage of deaths,2021-W11,,0,,A,Normal value,0,Units
DATAFLOW,OECD.ELS.HD:DSD_HEALTH_MORTALITY@DF_MORTALITY_COVID(1.0),COVID-19 mortality by week,I,AUS,Australia,W,Weekly,MCVD19,Mortality due to COVID-19,_T,Total,_T,Total,PT_DT,Percentage of deaths,2021-W12,,0,,A,Normal value,0,Units
DATAFLOW,OECD.ELS.HD:DSD_HEALTH_MORTALITY@DF_MORTALITY_COVID(1.0),COVID-19 mortality by week,I,AUS,Australia,W,Weekly,MCVD19,Mortality due to COVID-19,_T,Total,_T,Total,PT_DT,Percentage of deaths,2021-W13,,0,,A,Normal value,0,Units
DATAFLOW,OECD.ELS.HD:DSD_HEALTH_MORTALITY@DF_MORTALITY_COVID(1.0),COVID-19 mortality by week,I,AUS,Australia,W,Weekly,MCVD19,Mortality due to COVID-19,_T,Total,_T,Total,PT_DT,Percentage of deaths,2021-W14,,0,,A,Normal value,0,Units
DATAFLOW,OECD.ELS.HD:DSD_HEALTH_MORTALITY@DF_MORTALITY_COVID(1.0),COVID-19 mortality by week,I,AUS,Australia,W,Weekly,MCVD19,Mortality due to COVID-19,_T,Total,_T,Total,PT_DT,Percentage of deaths,2021-W15,,0.1,,A,Normal value,0,Units
DATAFLOW,OECD.ELS.HD:DSD_HEALTH_MORTALITY@DF_MORTALITY_COVID(1.0),COVID-19 mortality by week,I,AUS,Australia,W,Weekly,MCVD19,Mortality due to COVID-19,_T,Total,_T,Total,PT_DT,Percentage of deaths,2021-W16,,0,,A,Normal value,0,Units
DATAFLOW,OECD.ELS.HD:DSD_HEALTH_MORTALITY@DF_MORTALITY_COVID(1.0),COVID-19 mortality by week,I,AUS,Australia,W,Weekly,MCVD19,Mortality due to COVID-19,_T,Total,_T,Total,PT_DT,Percentage of deaths,2021-W17,,0,,A,Normal value,0,Units
DATAFLOW,OECD.ELS.HD:DSD_HEALTH_MORTALITY@DF_MORTALITY_COVID(1.0),COVID-19 mortality by week,I,AUS,Australia,W,Weekly,MCVD19,Mortality due to COVID-19,_T,Total,_T,Total,PT_DT,Percentage of deaths,2021-W18,,0,,A,Normal value,0,Units
DATAFLOW,OECD.ELS.HD:DSD_HEALTH_MORTALITY@DF_MORTALITY_COVID(1.0),COVID-19 mortality by week,I,AUS,Australia,W,Weekly,MCVD19,Mortality due to COVID-19,_T,Total,_T,Total,PT_DT,Percentage of deaths,2021-W19,,0,,A,Normal value,0,Units
DATAFLOW,OECD.ELS.HD:DSD_HEALTH_MORTALITY@DF_MORTALITY_COVID(1.0),COVID-19 mortality by week,I,AUS,Australia,W,Weekly,MCVD19,Mortality due to COVID-19,_T,Total,_T,Total,PT_DT,Percentage of deaths,2021-W20,,0,,A,Normal value,0,Units
DATAFLOW,OECD.ELS.HD:DSD_HEALTH_MORTALITY@DF_MORTALITY_COVID(1.0),COVID-19 mortality by week,I,AUS,Australia,W,Weekly,MCVD19,Mortality due to COVID-19,_T,Total,_T,Total,PT_DT,Percentage of deaths,2021-W21,,0,,A,Normal value,0,Units
DATAFLOW,OECD.ELS.HD:DSD_HEALTH_MORTALITY@DF_MORTALITY_COVID(1.0),COVID-19 mortality by week,I,AUS,Australia,W,Weekly,MCVD19,Mortality due to COVID-19,_T,Total,_T,Total,PT_DT,Percentage of deaths,2021-W22,,0,,A,Normal value,0,Units
DATAFLOW,OECD.ELS.HD:DSD_HEALTH_MORTALITY@DF_MORTALITY_COVID(1.0),COVID-19 mortality by week,I,AUS,Australia,W,Weekly,MCVD19,Mortality due to COVID-19,_T,Total,_T,Total,PT_DT,Percentage of deaths,2021-W23,,0,,A,Normal value,0,Units
DATAFLOW,OECD.ELS.HD:DSD_HEALTH_MORTALITY@DF_MORTALITY_COVID(1.0),COVID-19 mortality by week,I,AUS,Australia,W,Weekly,MCVD19,Mortality due to COVID-19,_T,Total,_T,Total,PT_DT,Percentage of deaths,2021-W24,,0,,A,Normal value,0,Units
DATAFLOW,OECD.ELS.HD:DSD_HEALTH_MORTALITY@DF_MORTALITY_COVID(1.0),COVID-19 mortality by week,I,AUS,Australia,W,Weekly,MCVD19,Mortality due to COVID-19,_T,Total,_T,Total,PT_DT,Percentage of deaths,2021-W25,,0,,A,Normal value,0,Units
DATAFLOW,OECD.ELS.HD:DSD_HEALTH_MORTALITY@DF_MORTALITY_COVID(1.0),COVID-19 mortality by week,I,AUS,Australia,W,Weekly,MCVD19,Mortality due to COVID-19,_T,Total,_T,Total,PT_DT,Percentage of deaths,2021-W26,,0,,A,Normal value,0,Units
DATAFLOW,OECD.ELS.HD:DSD_HEALTH_MORTALITY@DF_MORTALITY_COVID(1.0),COVID-19 mortality by week,I,AUS,Australia,W,Weekly,MCVD19,Mortality due to COVID-19,_T,Total,_T,Total,PT_DT,Percentage of deaths,2021-W27,,0.1,,A,Normal value,0,Units
DATAFLOW,OECD.ELS.HD:DSD_HEALTH_MORTALITY@DF_MORTALITY_COVID(1.0),COVID-19 mortality by week,I,AUS,Australia,W,Weekly,MCVD19,Mortality due to COVID-19,_T,Total,_T,Total,PT_DT,Percentage of deaths,2021-W28,,0.1,,A,Normal value,0,Units
DATAFLOW,OECD.ELS.HD:DSD_HEALTH_MORTALITY@DF_MORTALITY_COVID(1.0),COVID-19 mortality by week,I,AUS,Australia,W,Weekly,MCVD19,Mortality due to COVID-19,_T,Total,_T,Total,PT_DT,Percentage of deaths,2021-W29,,0.1,,A,Normal value,0,Units
DATAFLOW,OECD.ELS.HD:DSD_HEALTH_MORTALITY@DF_MORTALITY_COVID(1.0),COVID-19 mortality by week,I,AUS,Australia,W,Weekly,MCVD19,Mortality due to COVID-19,_T,Total,_T,Total,PT_DT,Percentage of deaths,2021-W30,,0.2,,A,Normal value,0,Units
DATAFLOW,OECD.ELS.HD:DSD_HEALTH_MORTALITY@DF_MORTALITY_COVID(1.0),COVID-19 mortality by week,I,AUS,Australia,W,Weekly,MCVD19,Mortality due to COVID-19,_T,Total,_T,Total,PT_DT,Percentage of deaths,2021-W31,,0.5,,A,Normal value,0,Units
DATAFLOW,OECD.ELS.HD:DSD_HEALTH_MORTALITY@DF_MORTALITY_COVID(1.0),COVID-19 mortality by week,I,AUS,Australia,W,Weekly,MCVD19,Mortality due to COVID-19,_T,Total,_T,Total,PT_DT,Percentage of deaths,2021-W32,,0.8,,A,Normal value,0,Units
DATAFLOW,OECD.ELS.HD:DSD_HEALTH_MORTALITY@DF_MORTALITY_COVID(1.0),COVID-19 mortality by week,I,AUS,Australia,W,Weekly,MCVD19,Mortality due to COVID-19,_T,Total,_T,Total,PT_DT,Percentage of deaths,2021-W33,,0.6,,A,Normal value,0,Units
DATAFLOW,OECD.ELS.HD:DSD_HEALTH_MORTALITY@DF_MORTALITY_COVID(1.0),COVID-19 mortality by week,I,AUS,Australia,W,Weekly,MCVD19,Mortality due to COVID-19,_T,Total,_T,Total,PT_DT,Percentage of deaths,2021-W34,,0.6,,A,Normal value,0,Units
DATAFLOW,OECD.ELS.HD:DSD_HEALTH_MORTALITY@DF_MORTALITY_COVID(1.0),COVID-19 mortality by week,I,AUS,Australia,W,Weekly,MCVD19,Mortality due to COVID-19,_T,Total,_T,Total,PT_DT,Percentage of deaths,2021-W35,,1.5,,A,Normal value,0,Units
DATAFLOW,OECD.ELS.HD:DSD_HEALTH_MORTALITY@DF_MORTALITY_COVID(1.0),COVID-19 mortality by week,I,AUS,Australia,W,Weekly,MCVD19,Mortality due to COVID-19,_T,Total,_T,Total,PT_DT,Percentage of deaths,2021-W36,,1.6,,A,Normal value,0,Units
DATAFLOW,OECD.ELS.HD:DSD_HEALTH_MORTALITY@DF_MORTALITY_COVID(1.0),COVID-19 mortality by week,I,AUS,Australia,W,Weekly,MCVD19,Mortality due to COVID-19,_T,Total,_T,Total,PT_DT,Percentage of deaths,2021-W37,,2.2,,A,Normal value,0,Units
DATAFLOW,OECD.ELS.HD:DSD_HEALTH_MORTALITY@DF_MORTALITY_COVID(1.0),COVID-19 mortality by week,I,AUS,Australia,W,Weekly,MCVD19,Mortality due to COVID-19,_T,Total,_T,Total,PT_DT,Percentage of deaths,2021-W38,,2.8,,A,Normal value,0,Units
DATAFLOW,OECD.ELS.HD:DSD_HEALTH_MORTALITY@DF_MORTALITY_COVID(1.0),COVID-19 mortality by week,I,AUS,Australia,W,Weekly,MCVD19,Mortality due to COVID-19,_T,Total,_T,Total,PT_DT,Percentage of deaths,2021-W39,,3.1,,A,Normal value,0,Units
DATAFLOW,OECD.ELS.HD:DSD_HEALTH_MORTALITY@DF_MORTALITY_COVID(1.0),COVID-19 mortality by week,I,AUS,Australia,W,Weekly,MCVD19,Mortality due to COVID-19,_T,Total,_T,Total,PT_DT,Percentage of deaths,2021-W40,,3.5,,A,Normal value,0,Units
DATAFLOW,OECD.ELS.HD:DSD_HEALTH_MORTALITY@DF_MORTALITY_COVID(1.0),COVID-19 mortality by week,I,AUS,Australia,W,Weekly,MCVD19,Mortality due to COVID-19,_T,Total,_T,Total,PT_DT,Percentage of deaths,2021-W41,,3.1,,A,Normal value,0,Units
DATAFLOW,OECD.ELS.HD:DSD_HEALTH_MORTALITY@DF_MORTALITY_COVID(1.0),COVID-19 mortality by week,I,AUS,Australia,W,Weekly,MCVD19,Mortality due to COVID-19,_T,Total,_T,Total,PT_DT,Percentage of deaths,2021-W42,,3.2,,A,Normal value,0,Units
DATAFLOW,OECD.ELS.HD:DSD_HEALTH_MORTALITY@DF_MORTALITY_COVID(1.0),COVID-19 mortality by week,I,AUS,Australia,W,Weekly,MCVD19,Mortality due to COVID-19,_T,Total,_T,Total,PT_DT,Percentage of deaths,2021-W43,,3.4,,A,Normal value,0,Units
DATAFLOW,OECD.ELS.HD:DSD_HEALTH_MORTALITY@DF_MORTALITY_COVID(1.0),COVID-19 mortality by week,I,AUS,Australia,W,Weekly,MCVD19,Mortality due to COVID-19,_T,Total,_T,Total,PT_DT,Percentage of deaths,2021-W44,,2.9,,A,Normal value,0,Units
DATAFLOW,OECD.ELS.HD:DSD_HEALTH_MORTALITY@DF_MORTALITY_COVID(1.0),COVID-19 mortality by week,I,AUS,Australia,W,Weekly,MCVD19,Mortality due to COVID-19,_T,Total,_T,Total,PT_DT,Percentage of deaths,2021-W45,,2.1,,A,Normal value,0,Units
DATAFLOW,OECD.ELS.HD:DSD_HEALTH_MORTALITY@DF_MORTALITY_COVID(1.0),COVID-19 mortality by week,I,AUS,Australia,W,Weekly,MCVD19,Mortality due to COVID-19,_T,Total,_T,Total,PT_DT,Percentage of deaths,2021-W46,,2.4,,A,Normal value,0,Units
DATAFLOW,OECD.ELS.HD:DSD_HEALTH_MORTALITY@DF_MORTALITY_COVID(1.0),COVID-19 mortality by week,I,AUS,Australia,W,Weekly,MCVD19,Mortality due to COVID-19,_T,Total,_T,Total,PT_DT,Percentage of deaths,2021-W47,,1.7,,A,Normal value,0,Units
DATAFLOW,OECD.ELS.HD:DSD_HEALTH_MORTALITY@DF_MORTALITY_COVID(1.0),COVID-19 mortality by week,I,AUS,Australia,W,Weekly,MCVD19,Mortality due to COVID-19,_T,Total,_T,Total,PT_DT,Percentage of deaths,2021-W48,,1.6,,A,Normal value,0,Units
DATAFLOW,OECD.ELS.HD:DSD_HEALTH_MORTALITY@DF_MORTALITY_COVID(1.0),COVID-19 mortality by week,I,AUS,Australia,W,Weekly,MCVD19,Mortality due to COVID-19,_T,Total,_T,Total,PT_DT,Percentage of deaths,2021-W49,,1.1,,A,Normal value,0,Units
DATAFLOW,OECD.ELS.HD:DSD_HEALTH_MORTALITY@DF_MORTALITY_COVID(1.0),COVID-19 mortality by week,I,AUS,Australia,W,Weekly,MCVD19,Mortality due to COVID-19,_T,Total,_T,Total,PT_DT,Percentage of deaths,2021-W50,,1.6,,A,Normal value,0,Units
DATAFLOW,OECD.ELS.HD:DSD_HEALTH_MORTALITY@DF_MORTALITY_COVID(1.0),COVID-19 mortality by week,I,AUS,Australia,W,Weekly,MCVD19,Mortality due to COVID-19,_T,Total,_T,Total,PT_DT,Percentage of deaths,2021-W51,,2,,A,Normal value,0,Units
DATAFLOW,OECD.ELS.HD:DSD_HEALTH_MORTALITY@DF_MORTALITY_COVID(1.0),COVID-19 mortality by week,I,AUS,Australia,W,Weekly,MCVD19,Mortality due to COVID-19,_T,Total,_T,Total,PT_DT,Percentage of deaths,2021-W52,,3.2,,A,Normal value,0,Units
DATAFLOW,OECD.ELS.HD:DSD_HEALTH_MORTALITY@DF_MORTALITY_COVID(1.0),COVID-19 mortality by week,I,AUS,Australia,W,Weekly,MCVD19,Mortality due to COVID-19,_T,Total,_T,Total,PT_DT,Percentage of deaths,2022-W01,,6.6,,A,Normal value,0,Units
DATAFLOW,OECD.ELS.HD:DSD_HEALTH_MORTALITY@DF_MORTALITY_COVID(1.0),COVID-19 mortality by week,I,AUS,Australia,W,Weekly,MCVD19,Mortality due to COVID-19,_T,Total,_T,Total,PT_DT,Percentage of deaths,2022-W02,,11.8,,A,Normal value,0,Units
DATAFLOW,OECD.ELS.HD:DSD_HEALTH_MORTALITY@DF_MORTALITY_COVID(1.0),COVID-19 mortality by week,I,AUS,Australia,W,Weekly,MCVD19,Mortality due to COVID-19,_T,Total,_T,Total,PT_DT,Percentage of deaths,2022-W03,,17,,A,Normal value,0,Units
DATAFLOW,OECD.ELS.HD:DSD_HEALTH_MORTALITY@DF_MORTALITY_COVID(1.0),COVID-19 mortality by week,I,AUS,Australia,W,Weekly,MCVD19,Mortality due to COVID-19,_T,Total,_T,Total,PT_DT,Percentage of deaths,2022-W04,,17.7,,A,Normal value,0,Units
DATAFLOW,OECD.ELS.HD:DSD_HEALTH_MORTALITY@DF_MORTALITY_COVID(1.0),COVID-19 mortality by week,I,AUS,Australia,W,Weekly,MCVD19,Mortality due to COVID-19,_T,Total,_T,Total,PT_DT,Percentage of deaths,2022-W05,,15.5,,A,Normal value,0,Units
DATAFLOW,OECD.ELS.HD:DSD_HEALTH_MORTALITY@DF_MORTALITY_COVID(1.0),COVID-19 mortality by week,I,AUS,Australia,W,Weekly,MCVD19,Mortality due to COVID-19,_T,Total,_T,Total,PT_DT,Percentage of deaths,2022-W06,,12.2,,A,Normal value,0,Units
DATAFLOW,OECD.ELS.HD:DSD_HEALTH_MORTALITY@DF_MORTALITY_COVID(1.0),COVID-19 mortality by week,I,AUS,Australia,W,Weekly,MCVD19,Mortality due to COVID-19,_T,Total,_T,Total,PT_DT,Percentage of deaths,2022-W07,,9.5,,A,Normal value,0,Units
DATAFLOW,OECD.ELS.HD:DSD_HEALTH_MORTALITY@DF_MORTALITY_COVID(1.0),COVID-19 mortality by week,I,AUS,Australia,W,Weekly,MCVD19,Mortality due to COVID-19,_T,Total,_T,Total,PT_DT,Percentage of deaths,2022-W08,,7.1,,A,Normal value,0,Units
DATAFLOW,OECD.ELS.HD:DSD_HEALTH_MORTALITY@DF_MORTALITY_COVID(1.0),COVID-19 mortality by week,I,AUS,Australia,W,Weekly,MCVD19,Mortality due to COVID-19,_T,Total,_T,Total,PT_DT,Percentage of deaths,2022-W09,,4.5,,A,Normal value,0,Units
DATAFLOW,OECD.ELS.HD:DSD_HEALTH_MORTALITY@DF_MORTALITY_COVID(1.0),COVID-19 mortality by week,I,AUS,Australia,W,Weekly,MCVD19,Mortality due to COVID-19,_T,Total,_T,Total,PT_DT,Percentage of deaths,2022-W10,,4.4,,A,Normal value,0,Units
DATAFLOW,OECD.ELS.HD:DSD_HEALTH_MORTALITY@DF_MORTALITY_COVID(1.0),COVID-19 mortality by week,I,AUS,Australia,W,Weekly,MCVD19,Mortality due to COVID-19,_T,Total,_T,Total,PT_DT,Percentage of deaths,2022-W11,,4.1,,A,Normal value,0,Units
DATAFLOW,OECD.ELS.HD:DSD_HEALTH_MORTALITY@DF_MORTALITY_COVID(1.0),COVID-19 mortality by week,I,AUS,Australia,W,Weekly,MCVD19,Mortality due to COVID-19,_T,Total,_T,Total,PT_DT,Percentage of deaths,2022-W12,,4.5,,A,Normal value,0,Units
DATAFLOW,OECD.ELS.HD:DSD_HEALTH_MORTALITY@DF_MORTALITY_COVID(1.0),COVID-19 mortality by week,I,AUS,Australia,W,Weekly,MCVD19,Mortality due to COVID-19,_T,Total,_T,Total,PT_DT,Percentage of deaths,2022-W13,,5.9,,A,Normal value,0,Units
DATAFLOW,OECD.ELS.HD:DSD_HEALTH_MORTALITY@DF_MORTALITY_COVID(1.0),COVID-19 mortality by week,I,AUS,Australia,W,Weekly,MCVD19,Mortality due to COVID-19,_T,Total,_T,Total,PT_DT,Percentage of deaths,2022-W14,,5.7,,A,Normal value,0,Units
DATAFLOW,OECD.ELS.HD:DSD_HEALTH_MORTALITY@DF_MORTALITY_COVID(1.0),COVID-19 mortality by week,I,AUS,Australia,W,Weekly,MCVD19,Mortality due to COVID-19,_T,Total,_T,Total,PT_DT,Percentage of deaths,2022-W15,,7.4,,A,Normal value,0,Units
DATAFLOW,OECD.ELS.HD:DSD_HEALTH_MORTALITY@DF_MORTALITY_COVID(1.0),COVID-19 mortality by week,I,AUS,Australia,W,Weekly,MCVD19,Mortality due to COVID-19,_T,Total,_T,Total,PT_DT,Percentage of deaths,2022-W16,,9,,A,Normal value,0,Units
DATAFLOW,OECD.ELS.HD:DSD_HEALTH_MORTALITY@DF_MORTALITY_COVID(1.0),COVID-19 mortality by week,I,AUS,Australia,W,Weekly,MCVD19,Mortality due to COVID-19,_T,Total,_T,Total,PT_DT,Percentage of deaths,2022-W17,,8.4,,A,Normal value,0,Units
DATAFLOW,OECD.ELS.HD:DSD_HEALTH_MORTALITY@DF_MORTALITY_COVID(1.0),COVID-19 mortality by week,I,AUS,Australia,W,Weekly,MCVD19,Mortality due to COVID-19,_T,Total,_T,Total,PT_DT,Percentage of deaths,2022-W18,,8.6,,A,Normal value,0,Units
DATAFLOW,OECD.ELS.HD:DSD_HEALTH_MORTALITY@DF_MORTALITY_COVID(1.0),COVID-19 mortality by week,I,AUS,Australia,W,Weekly,MCVD19,Mortality due to COVID-19,_T,Total,_T,Total,PT_DT,Percentage of deaths,2022-W19,,8.9,,A,Normal value,0,Units
DATAFLOW,OECD.ELS.HD:DSD_HEALTH_MORTALITY@DF_MORTALITY_COVID(1.0),COVID-19 mortality by week,I,AUS,Australia,W,Weekly,MCVD19,Mortality due to COVID-19,_T,Total,_T,Total,PT_DT,Percentage of deaths,2022-W20,,8.7,,A,Normal value,0,Units
DATAFLOW,OECD.ELS.HD:DSD_HEALTH_MORTALITY@DF_MORTALITY_COVID(1.0),COVID-19 mortality by week,I,AUS,Australia,W,Weekly,MCVD19,Mortality due to COVID-19,_T,Total,_T,Total,PT_DT,Percentage of deaths,2022-W21,,9.1,,A,Normal value,0,Units
DATAFLOW,OECD.ELS.HD:DSD_HEALTH_MORTALITY@DF_MORTALITY_COVID(1.0),COVID-19 mortality by week,I,AUS,Australia,W,Weekly,MCVD19,Mortality due to COVID-19,_T,Total,_T,Total,PT_DT,Percentage of deaths,2022-W22,,9.6,,A,Normal value,0,Units
DATAFLOW,OECD.ELS.HD:DSD_HEALTH_MORTALITY@DF_MORTALITY_COVID(1.0),COVID-19 mortality by week,I,AUS,Australia,W,Weekly,MCVD19,Mortality due to COVID-19,_T,Total,_T,Total,PT_DT,Percentage of deaths,2022-W23,,8.2,,A,Normal value,0,Units
DATAFLOW,OECD.ELS.HD:DSD_HEALTH_MORTALITY@DF_MORTALITY_COVID(1.0),COVID-19 mortality by week,I,AUS,Australia,W,Weekly,MCVD19,Mortality due to COVID-19,_T,Total,_T,Total,PT_DT,Percentage of deaths,2022-W24,,8.3,,A,Normal value,0,Units
DATAFLOW,OECD.ELS.HD:DSD_HEALTH_MORTALITY@DF_MORTALITY_COVID(1.0),COVID-19 mortality by week,I,AUS,Australia,W,Weekly,MCVD19,Mortality due to COVID-19,_T,Total,_T,Total,PT_DT,Percentage of deaths,2022-W25,,8.1,,A,Normal value,0,Units
DATAFLOW,OECD.ELS.HD:DSD_HEALTH_MORTALITY@DF_MORTALITY_COVID(1.0),COVID-19 mortality by week,I,AUS,Australia,W,Weekly,MCVD19,Mortality due to COVID-19,_T,Total,_T,Total,PT_DT,Percentage of deaths,2022-W26,,8.8,,A,Normal value,0,Units
DATAFLOW,OECD.ELS.HD:DSD_HEALTH_MORTALITY@DF_MORTALITY_COVID(1.0),COVID-19 mortality by week,I,AUS,Australia,W,Weekly,MCVD19,Mortality due to COVID-19,_T,Total,_T,Total,PT_DT,Percentage of deaths,2022-W27,,9.7,,A,Normal value,0,Units
DATAFLOW,OECD.ELS.HD:DSD_HEALTH_MORTALITY@DF_MORTALITY_COVID(1.0),COVID-19 mortality by week,I,AUS,Australia,W,Weekly,MCVD19,Mortality due to COVID-19,_T,Total,_T,Total,PT_DT,Percentage of deaths,2022-W28,,10.9,,A,Normal value,0,Units
DATAFLOW,OECD.ELS.HD:DSD_HEALTH_MORTALITY@DF_MORTALITY_COVID(1.0),COVID-19 mortality by week,I,AUS,Australia,W,Weekly,MCVD19,Mortality due to COVID-19,_T,Total,_T,Total,PT_DT,Percentage of deaths,2022-W29,,14.6,,A,Normal value,0,Units
DATAFLOW,OECD.ELS.HD:DSD_HEALTH_MORTALITY@DF_MORTALITY_COVID(1.0),COVID-19 mortality by week,I,AUS,Australia,W,Weekly,MCVD19,Mortality due to COVID-19,_T,Total,_T,Total,PT_DT,Percentage of deaths,2022-W30,,14.8,,A,Normal value,0,Units
DATAFLOW,OECD.ELS.HD:DSD_HEALTH_MORTALITY@DF_MORTALITY_COVID(1.0),COVID-19 mortality by week,I,AUS,Australia,W,Weekly,MCVD19,Mortality due to COVID-19,_T,Total,_T,Total,PT_DT,Percentage of deaths,2022-W31,,14.3,,A,Normal value,0,Units
DATAFLOW,OECD.ELS.HD:DSD_HEALTH_MORTALITY@DF_MORTALITY_COVID(1.0),COVID-19 mortality by week,I,AUS,Australia,W,Weekly,MCVD19,Mortality due to COVID-19,_T,Total,_T,Total,PT_DT,Percentage of deaths,2022-W32,,12.8,,A,Normal value,0,Units
DATAFLOW,OECD.ELS.HD:DSD_HEALTH_MORTALITY@DF_MORTALITY_COVID(1.0),COVID-19 mortality by week,I,AUS,Australia,W,Weekly,MCVD19,Mortality due to COVID-19,_T,Total,_T,Total,PT_DT,Percentage of deaths,2022-W33,,9.5,,A,Normal value,0,Units
DATAFLOW,OECD.ELS.HD:DSD_HEALTH_MORTALITY@DF_MORTALITY_COVID(1.0),COVID-19 mortality by week,I,AUS,Australia,W,Weekly,MCVD19,Mortality due to COVID-19,_T,Total,_T,Total,PT_DT,Percentage of deaths,2022-W34,,8.5,,A,Normal value,0,Units
DATAFLOW,OECD.ELS.HD:DSD_HEALTH_MORTALITY@DF_MORTALITY_COVID(1.0),COVID-19 mortality by week,I,AUS,Australia,W,Weekly,MCVD19,Mortality due to COVID-19,_T,Total,_T,Total,PT_DT,Percentage of deaths,2022-W35,,6.4,,A,Normal value,0,Units
DATAFLOW,OECD.ELS.HD:DSD_HEALTH_MORTALITY@DF_MORTALITY_COVID(1.0),COVID-19 mortality by week,I,AUS,Australia,W,Weekly,MCVD19,Mortality due to COVID-19,_T,Total,_T,Total,PT_DT,Percentage of deaths,2022-W36,,5.7,,A,Normal value,0,Units
DATAFLOW,OECD.ELS.HD:DSD_HEALTH_MORTALITY@DF_MORTALITY_COVID(1.0),COVID-19 mortality by week,I,AUS,Australia,W,Weekly,MCVD19,Mortality due to COVID-19,_T,Total,_T,Total,PT_DT,Percentage of deaths,2022-W37,,5,,A,Normal value,0,Units
DATAFLOW,OECD.ELS.HD:DSD_HEALTH_MORTALITY@DF_MORTALITY_COVID(1.0),COVID-19 mortality by week,I,AUS,Australia,W,Weekly,MCVD19,Mortality due to COVID-19,_T,Total,_T,Total,PT_DT,Percentage of deaths,2022-W38,,4,,A,Normal value,0,Units
DATAFLOW,OECD.ELS.HD:DSD_HEALTH_MORTALITY@DF_MORTALITY_COVID(1.0),COVID-19 mortality by week,I,AUS,Australia,W,Weekly,MCVD19,Mortality due to COVID-19,_T,Total,_T,Total,PT_DT,Percentage of deaths,2022-W39,,3.3,,A,Normal value,0,Units
DATAFLOW,OECD.ELS.HD:DSD_HEALTH_MORTALITY@DF_MORTALITY_COVID(1.0),COVID-19 mortality by week,I,AUS,Australia,W,Weekly,MCVD19,Mortality due to COVID-19,_T,Total,_T,Total,PT_DT,Percentage of deaths,2022-W40,,2.9,,A,Normal value,0,Units
DATAFLOW,OECD.ELS.HD:DSD_HEALTH_MORTALITY@DF_MORTALITY_COVID(1.0),COVID-19 mortality by week,I,AUS,Australia,W,Weekly,MCVD19,Mortality due to COVID-19,_T,Total,_T,Total,PT_DT,Percentage of deaths,2022-W41,,2.1,,A,Normal value,0,Units
DATAFLOW,OECD.ELS.HD:DSD_HEALTH_MORTALITY@DF_MORTALITY_COVID(1.0),COVID-19 mortality by week,I,AUS,Australia,W,Weekly,MCVD19,Mortality due to COVID-19,_T,Total,_T,Total,PT_DT,Percentage of deaths,2022-W42,,2.9,,A,Normal value,0,Units
DATAFLOW,OECD.ELS.HD:DSD_HEALTH_MORTALITY@DF_MORTALITY_COVID(1.0),COVID-19 mortality by week,I,AUS,Australia,W,Weekly,MCVD19,Mortality due to COVID-19,_T,Total,_T,Total,PT_DT,Percentage of deaths,2022-W43,,2.6,,A,Normal value,0,Units
DATAFLOW,OECD.ELS.HD:DSD_HEALTH_MORTALITY@DF_MORTALITY_COVID(1.0),COVID-19 mortality by week,I,AUS,Australia,W,Weekly,MCVD19,Mortality due to COVID-19,_T,Total,_T,Total,PT_DT,Percentage of deaths,2022-W44,,3.3,,A,Normal value,0,Units
DATAFLOW,OECD.ELS.HD:DSD_HEALTH_MORTALITY@DF_MORTALITY_COVID(1.0),COVID-19 mortality by week,I,AUS,Australia,W,Weekly,MCVD19,Mortality due to COVID-19,_T,Total,_T,Total,PT_DT,Percentage of deaths,2022-W45,,3.3,,A,Normal value,0,Units
DATAFLOW,OECD.ELS.HD:DSD_HEALTH_MORTALITY@DF_MORTALITY_COVID(1.0),COVID-19 mortality by week,I,AUS,Australia,W,Weekly,MCVD19,Mortality due to COVID-19,_T,Total,_T,Total,PT_DT,Percentage of deaths,2022-W46,,4.5,,A,Normal value,0,Units
DATAFLOW,OECD.ELS.HD:DSD_HEALTH_MORTALITY@DF_MORTALITY_COVID(1.0),COVID-19 mortality by week,I,AUS,Australia,W,Weekly,MCVD19,Mortality due to COVID-19,_T,Total,_T,Total,PT_DT,Percentage of deaths,2022-W47,,5.1,,A,Normal value,0,Units
DATAFLOW,OECD.ELS.HD:DSD_HEALTH_MORTALITY@DF_MORTALITY_COVID(1.0),COVID-19 mortality by week,I,AUS,Australia,W,Weekly,MCVD19,Mortality due to COVID-19,_T,Total,_T,Total,PT_DT,Percentage of deaths,2022-W48,,7.6,,A,Normal value,0,Units
DATAFLOW,OECD.ELS.HD:DSD_HEALTH_MORTALITY@DF_MORTALITY_COVID(1.0),COVID-19 mortality by week,I,AUS,Australia,W,Weekly,MCVD19,Mortality due to COVID-19,_T,Total,_T,Total,PT_DT,Percentage of deaths,2022-W49,,7.6,,A,Normal value,0,Units
DATAFLOW,OECD.ELS.HD:DSD_HEALTH_MORTALITY@DF_MORTALITY_COVID(1.0),COVID-19 mortality by week,I,AUS,Australia,W,Weekly,MCVD19,Mortality due to COVID-19,_T,Total,_T,Total,PT_DT,Percentage of deaths,2022-W50,,8.5,,A,Normal value,0,Units
DATAFLOW,OECD.ELS.HD:DSD_HEALTH_MORTALITY@DF_MORTALITY_COVID(1.0),COVID-19 mortality by week,I,AUS,Australia,W,Weekly,MCVD19,Mortality due to COVID-19,_T,Total,_T,Total,PT_DT,Percentage of deaths,2022-W51,,9.4,,A,Normal value,0,Units
DATAFLOW,OECD.ELS.HD:DSD_HEALTH_MORTALITY@DF_MORTALITY_COVID(1.0),COVID-19 mortality by week,I,AUS,Australia,W,Weekly,MCVD19,Mortality due to COVID-19,_T,Total,_T,Total,PT_DT,Percentage of deaths,2022-W52,,32,,A,Normal value,0,Units
DATAFLOW,OECD.ELS.HD:DSD_HEALTH_MORTALITY@DF_MORTALITY_COVID(1.0),COVID-19 mortality by week,I,AUS,Australia,W,Weekly,MCVD19,Mortality due to COVID-19,_T,Total,_T,Total,PT_DT,Percentage of deaths,2023-W01,,0,,A,Normal value,0,Units
DATAFLOW,OECD.ELS.HD:DSD_HEALTH_MORTALITY@DF_MORTALITY_COVID(1.0),COVID-19 mortality by week,I,AUS,Australia,W,Weekly,MCVD19,Mortality due to COVID-19,_T,Total,_T,Total,PT_DT,Percentage of deaths,2023-W02,,0,,A,Normal value,0,Units
DATAFLOW,OECD.ELS.HD:DSD_HEALTH_MORTALITY@DF_MORTALITY_COVID(1.0),COVID-19 mortality by week,I,AUS,Australia,W,Weekly,MCVD19,Mortality due to COVID-19,_T,Total,_T,Total,PT_DT,Percentage of deaths,2023-W03,,0,,A,Normal value,0,Units
DATAFLOW,OECD.ELS.HD:DSD_HEALTH_MORTALITY@DF_MORTALITY_COVID(1.0),COVID-19 mortality by week,I,AUS,Australia,W,Weekly,MCVD19,Mortality due to COVID-19,_T,Total,_T,Total,PT_DT,Percentage of deaths,2023-W04,,0,,A,Normal value,0,Units
DATAFLOW,OECD.ELS.HD:DSD_HEALTH_MORTALITY@DF_MORTALITY_COVID(1.0),COVID-19 mortality by week,I,AUS,Australia,W,Weekly,MCVD19,Mortality due to COVID-19,_T,Total,_T,Total,PT_DT,Percentage of deaths,2023-W05,,34.5,,A,Normal value,0,Units
DATAFLOW,OECD.ELS.HD:DSD_HEALTH_MORTALITY@DF_MORTALITY_COVID(1.0),COVID-19 mortality by week,I,AUS,Australia,W,Weekly,MCVD19,Mortality due to COVID-19,_T,Total,_T,Total,PT_DT,Percentage of deaths,2023-W06,,3,,A,Normal value,0,Units
DATAFLOW,OECD.ELS.HD:DSD_HEALTH_MORTALITY@DF_MORTALITY_COVID(1.0),COVID-19 mortality by week,I,AUS,Australia,W,Weekly,MCVD19,Mortality due to COVID-19,_T,Total,_T,Total,PT_DT,Percentage of deaths,2023-W07,,2.7,,A,Normal value,0,Units
DATAFLOW,OECD.ELS.HD:DSD_HEALTH_MORTALITY@DF_MORTALITY_COVID(1.0),COVID-19 mortality by week,I,AUS,Australia,W,Weekly,MCVD19,Mortality due to COVID-19,_T,Total,_T,Total,PT_DT,Percentage of deaths,2023-W08,,2.8,,A,Normal value,0,Units
DATAFLOW,OECD.ELS.HD:DSD_HEALTH_MORTALITY@DF_MORTALITY_COVID(1.0),COVID-19 mortality by week,I,AUS,Australia,W,Weekly,MCVD19,Mortality due to COVID-19,_T,Total,_T,Total,PT_DT,Percentage of deaths,2023-W09,,2.4,,A,Normal value,0,Units
DATAFLOW,OECD.ELS.HD:DSD_HEALTH_MORTALITY@DF_MORTALITY_COVID(1.0),COVID-19 mortality by week,I,AUS,Australia,W,Weekly,MCVD19,Mortality due to COVID-19,_T,Total,_T,Total,PT_DT,Percentage of deaths,2023-W10,,2.3,,A,Normal value,0,Units
DATAFLOW,OECD.ELS.HD:DSD_HEALTH_MORTALITY@DF_MORTALITY_COVID(1.0),COVID-19 mortality by week,I,AUS,Australia,W,Weekly,MCVD19,Mortality due to COVID-19,_T,Total,_T,Total,PT_DT,Percentage of deaths,2023-W11,,2.6,,A,Normal value,0,Units
DATAFLOW,OECD.ELS.HD:DSD_HEALTH_MORTALITY@DF_MORTALITY_COVID(1.0),COVID-19 mortality by week,I,AUS,Australia,W,Weekly,MCVD19,Mortality due to COVID-19,_T,Total,_T,Total,PT_DT,Percentage of deaths,2023-W12,,2.8,,A,Normal value,0,Units
DATAFLOW,OECD.ELS.HD:DSD_HEALTH_MORTALITY@DF_MORTALITY_COVID(1.0),COVID-19 mortality by week,I,AUS,Australia,W,Weekly,MCVD19,Mortality due to COVID-19,_T,Total,_T,Total,PT_DT,Percentage of deaths,2023-W13,,3.1,,A,Normal value,0,Units
DATAFLOW,OECD.ELS.HD:DSD_HEALTH_MORTALITY@DF_MORTALITY_COVID(1.0),COVID-19 mortality by week,I,AUS,Australia,W,Weekly,MCVD19,Mortality due to COVID-19,_T,Total,_T,Total,PT_DT,Percentage of deaths,2023-W14,,3.8,,A,Normal value,0,Units
DATAFLOW,OECD.ELS.HD:DSD_HEALTH_MORTALITY@DF_MORTALITY_COVID(1.0),COVID-19 mortality by week,I,AUS,Australia,W,Weekly,MCVD19,Mortality due to COVID-19,_T,Total,_T,Total,PT_DT,Percentage of deaths,2023-W15,,3.8,,A,Normal value,0,Units
DATAFLOW,OECD.ELS.HD:DSD_HEALTH_MORTALITY@DF_MORTALITY_COVID(1.0),COVID-19 mortality by week,I,AUS,Australia,W,Weekly,MCVD19,Mortality due to COVID-19,_T,Total,_T,Total,PT_DT,Percentage of deaths,2023-W16,,4.1,,A,Normal value,0,Units
DATAFLOW,OECD.ELS.HD:DSD_HEALTH_MORTALITY@DF_MORTALITY_COVID(1.0),COVID-19 mortality by week,I,AUS,Australia,W,Weekly,MCVD19,Mortality due to COVID-19,_T,Total,_T,Total,PT_DT,Percentage of deaths,2023-W17,,4.4,,A,Normal value,0,Units
DATAFLOW,OECD.ELS.HD:DSD_HEALTH_MORTALITY@DF_MORTALITY_COVID(1.0),COVID-19 mortality by week,I,AUS,Australia,W,Weekly,MCVD19,Mortality due to COVID-19,_T,Total,_T,Total,PT_DT,Percentage of deaths,2023-W18,,4.9,,A,Normal value,0,Units
DATAFLOW,OECD.ELS.HD:DSD_HEALTH_MORTALITY@DF_MORTALITY_COVID(1.0),COVID-19 mortality by week,I,AUS,Australia,W,Weekly,MCVD19,Mortality due to COVID-19,_T,Total,_T,Total,PT_DT,Percentage of deaths,2023-W19,,4.6,,A,Normal value,0,Units
DATAFLOW,OECD.ELS.HD:DSD_HEALTH_MORTALITY@DF_MORTALITY_COVID(1.0),COVID-19 mortality by week,I,AUS,Australia,W,Weekly,MCVD19,Mortality due to COVID-19,_T,Total,_T,Total,PT_DT,Percentage of deaths,2023-W20,,4.5,,A,Normal value,0,Units
DATAFLOW,OECD.ELS.HD:DSD_HEALTH_MORTALITY@DF_MORTALITY_COVID(1.0),COVID-19 mortality by week,I,AUS,Australia,W,Weekly,MCVD19,Mortality due to COVID-19,_T,Total,_T,Total,PT_DT,Percentage of deaths,2023-W21,,5.6,,A,Normal value,0,Units
DATAFLOW,OECD.ELS.HD:DSD_HEALTH_MORTALITY@DF_MORTALITY_COVID(1.0),COVID-19 mortality by week,I,AUS,Australia,W,Weekly,MCVD19,Mortality due to COVID-19,_T,Total,_T,Total,PT_DT,Percentage of deaths,2023-W22,,5.9,,A,Normal value,0,Units
DATAFLOW,OECD.ELS.HD:DSD_HEALTH_MORTALITY@DF_MORTALITY_COVID(1.0),COVID-19 mortality by week,I,AUS,Australia,W,Weekly,MCVD19,Mortality due to COVID-19,_T,Total,_T,Total,PT_DT,Percentage of deaths,2023-W23,,6.1,,A,Normal value,0,Units
DATAFLOW,OECD.ELS.HD:DSD_HEALTH_MORTALITY@DF_MORTALITY_COVID(1.0),COVID-19 mortality by week,I,AUS,Australia,W,Weekly,MCVD19,Mortality due to COVID-19,_T,Total,_T,Total,PT_DT,Percentage of deaths,2023-W24,,5,,A,Normal value,0,Units
DATAFLOW,OECD.ELS.HD:DSD_HEALTH_MORTALITY@DF_MORTALITY_COVID(1.0),COVID-19 mortality by week,I,AUS,Australia,W,Weekly,MCVD19,Mortality due to COVID-19,_T,Total,_T,Total,PT_DT,Percentage of deaths,2023-W25,,1.5,,A,Normal value,0,Units
DATAFLOW,OECD.ELS.HD:DSD_HEALTH_MORTALITY@DF_MORTALITY_COVID(1.0),COVID-19 mortality by week,I,AUS,Australia,W,Weekly,MCVD19,Mortality due to COVID-19,_T,Total,_T,Total,PT_DT,Percentage of deaths,2023-W26,,0,,A,Normal value,0,Units
DATAFLOW,OECD.ELS.HD:DSD_HEALTH_MORTALITY@DF_MORTALITY_COVID(1.0),COVID-19 mortality by week,I,AUS,Australia,W,Weekly,MCVD19,Mortality due to COVID-19,_T,Total,_T,Total,PT_DT,Percentage of deaths,2023-W27,,0,,A,Normal value,0,Units
DATAFLOW,OECD.ELS.HD:DSD_HEALTH_MORTALITY@DF_MORTALITY_COVID(1.0),COVID-19 mortality by week,I,AUS,Australia,W,Weekly,MCVD19,Mortality due to COVID-19,_T,Total,_T,Total,PT_DT,Percentage of deaths,2023-W28,,-2,,A,Normal value,0,Units
DATAFLOW,OECD.ELS.HD:DSD_HEALTH_MORTALITY@DF_MORTALITY_COVID(1.0),COVID-19 mortality by week,I,AUS,Australia,W,Weekly,MCVD19,Mortality due to COVID-19,_T,Total,_T,Total,PT_DT,Percentage of deaths,2023-W29,,2.3,,A,Normal value,0,Units
DATAFLOW,OECD.ELS.HD:DSD_HEALTH_MORTALITY@DF_MORTALITY_COVID(1.0),COVID-19 mortality by week,I,AUS,Australia,W,Weekly,MCVD19,Mortality due to COVID-19,_T,Total,_T,Total,PT_DT,Percentage of deaths,2023-W30,,1.6,,A,Normal value,0,Units
DATAFLOW,OECD.ELS.HD:DSD_HEALTH_MORTALITY@DF_MORTALITY_COVID(1.0),COVID-19 mortality by week,I,AUS,Australia,W,Weekly,MCVD19,Mortality due to COVID-19,_T,Total,_T,Total,PT_DT,Percentage of deaths,2023-W31,,1.8,,A,Normal value,0,Units
DATAFLOW,OECD.ELS.HD:DSD_HEALTH_MORTALITY@DF_MORTALITY_COVID(1.0),COVID-19 mortality by week,I,AUS,Australia,W,Weekly,MCVD19,Mortality due to COVID-19,_T,Total,_T,Total,PT_DT,Percentage of deaths,2023-W32,,0,,A,Normal value,0,Units
DATAFLOW,OECD.ELS.HD:DSD_HEALTH_MORTALITY@DF_MORTALITY_COVID(1.0),COVID-19 mortality by week,I,AUS,Australia,W,Weekly,MCVD19,Mortality due to COVID-19,_T,Total,_T,Total,PT_DT,Percentage of deaths,2023-W33,,1.5,,A,Normal value,0,Units
DATAFLOW,OECD.ELS.HD:DSD_HEALTH_MORTALITY@DF_MORTALITY_COVID(1.0),COVID-19 mortality by week,I,AUS,Australia,W,Weekly,MCVD19,Mortality due to COVID-19,_T,Total,_T,Total,PT_DT,Percentage of deaths,2023-W34,,1.5,,A,Normal value,0,Units
DATAFLOW,OECD.ELS.HD:DSD_HEALTH_MORTALITY@DF_MORTALITY_COVID(1.0),COVID-19 mortality by week,I,AUS,Australia,W,Weekly,MCVD19,Mortality due to COVID-19,_T,Total,_T,Total,PT_DT,Percentage of deaths,2023-W35,,1.1,,A,Normal value,0,Units
DATAFLOW,OECD.ELS.HD:DSD_HEALTH_MORTALITY@DF_MORTALITY_COVID(1.0),COVID-19 mortality by week,I,AUS,Australia,W,Weekly,MCVD19,Mortality due to COVID-19,_T,Total,_T,Total,PT_DT,Percentage of deaths,2023-W36,,1.2,,A,Normal value,0,Units
DATAFLOW,OECD.ELS.HD:DSD_HEALTH_MORTALITY@DF_MORTALITY_COVID(1.0),COVID-19 mortality by week,I,AUS,Australia,W,Weekly,MCVD19,Mortality due to COVID-19,_T,Total,_T,Total,PT_DT,Percentage of deaths,2023-W37,,1.1,,A,Normal value,0,Units
DATAFLOW,OECD.ELS.HD:DSD_HEALTH_MORTALITY@DF_MORTALITY_COVID(1.0),COVID-19 mortality by week,I,AUS,Australia,W,Weekly,MCVD19,Mortality due to COVID-19,_T,Total,_T,Total,PT_DT,Percentage of deaths,2023-W38,,1.1,,A,Normal value,0,Units
DATAFLOW,OECD.ELS.HD:DSD_HEALTH_MORTALITY@DF_MORTALITY_COVID(1.0),COVID-19 mortality by week,I,AUS,Australia,W,Weekly,MCVD19,Mortality due to COVID-19,_T,Total,_T,Total,PT_DT,Percentage of deaths,2023-W39,,1,,A,Normal value,0,Units
DATAFLOW,OECD.ELS.HD:DSD_HEALTH_MORTALITY@DF_MORTALITY_COVID(1.0),COVID-19 mortality by week,I,AUS,Australia,W,Weekly,MCVD19,Mortality due to COVID-19,_T,Total,_T,Total,PT_DT,Percentage of deaths,2023-W40,,2.3,,A,Normal value,0,Units
DATAFLOW,OECD.ELS.HD:DSD_HEALTH_MORTALITY@DF_MORTALITY_COVID(1.0),COVID-19 mortality by week,I,AUS,Australia,W,Weekly,MCVD19,Mortality due to COVID-19,_T,Total,_T,Total,PT_DT,Percentage of deaths,2023-W41,,1.3,,A,Normal value,0,Units
DATAFLOW,OECD.ELS.HD:DSD_HEALTH_MORTALITY@DF_MORTALITY_COVID(1.0),COVID-19 mortality by week,I,AUS,Australia,W,Weekly,MCVD19,Mortality due to COVID-19,_T,Total,_T,Total,PT_DT,Percentage of deaths,2023-W42,,1.6,,A,Normal value,0,Units
DATAFLOW,OECD.ELS.HD:DSD_HEALTH_MORTALITY@DF_MORTALITY_COVID(1.0),COVID-19 mortality by week,I,AUS,Australia,W,Weekly,MCVD19,Mortality due to COVID-19,_T,Total,_T,Total,PT_DT,Percentage of deaths,2023-W43,,2.2,,A,Normal value,0,Units
DATAFLOW,OECD.ELS.HD:DSD_HEALTH_MORTALITY@DF_MORTALITY_COVID(1.0),COVID-19 mortality by week,I,AUS,Australia,W,Weekly,MCVD19,Mortality due to COVID-19,_T,Total,_T,Total,PT_DT,Percentage of deaths,2023-W44,,1.5,,A,Normal value,0,Units
DATAFLOW,OECD.ELS.HD:DSD_HEALTH_MORTALITY@DF_MORTALITY_COVID(1.0),COVID-19 mortality by week,I,AUS,Australia,W,Weekly,MCVD19,Mortality due to COVID-19,_T,Total,_T,Total,PT_DT,Percentage of deaths,2023-W45,,0,,A,Normal value,0,Units
DATAFLOW,OECD.ELS.HD:DSD_HEALTH_MORTALITY@DF_MORTALITY_COVID(1.0),COVID-19 mortality by week,I,AUS,Australia,W,Weekly,MCVD19,Mortality due to COVID-19,_T,Total,_T,Total,PT_DT,Percentage of deaths,2023-W46,,5.9,,A,Normal value,0,Units
DATAFLOW,OECD.ELS.HD:DSD_HEALTH_MORTALITY@DF_MORTALITY_COVID(1.0),COVID-19 mortality by week,I,AUS,Australia,W,Weekly,MCVD19,Mortality due to COVID-19,_T,Total,_T,Total,PT_DT,Percentage of deaths,2023-W47,,2.7,,A,Normal value,0,Units
DATAFLOW,OECD.ELS.HD:DSD_HEALTH_MORTALITY@DF_MORTALITY_COVID(1.0),COVID-19 mortality by week,I,AUS,Australia,W,Weekly,MCVD19,Mortality due to COVID-19,_T,Total,_T,Total,DT,Deaths,2020-W01,,0,,A,Normal value,0,Units
DATAFLOW,OECD.ELS.HD:DSD_HEALTH_MORTALITY@DF_MORTALITY_COVID(1.0),COVID-19 mortality by week,I,AUS,Australia,W,Weekly,MCVD19,Mortality due to COVID-19,_T,Total,_T,Total,DT,Deaths,2020-W02,,0,,A,Normal value,0,Units
DATAFLOW,OECD.ELS.HD:DSD_HEALTH_MORTALITY@DF_MORTALITY_COVID(1.0),COVID-19 mortality by week,I,AUS,Australia,W,Weekly,MCVD19,Mortality due to COVID-19,_T,Total,_T,Total,DT,Deaths,2020-W03,,0,,A,Normal value,0,Units
DATAFLOW,OECD.ELS.HD:DSD_HEALTH_MORTALITY@DF_MORTALITY_COVID(1.0),COVID-19 mortality by week,I,AUS,Australia,W,Weekly,MCVD19,Mortality due to COVID-19,_T,Total,_T,Total,DT,Deaths,2020-W04,,0,,A,Normal value,0,Units
DATAFLOW,OECD.ELS.HD:DSD_HEALTH_MORTALITY@DF_MORTALITY_COVID(1.0),COVID-19 mortality by week,I,AUS,Australia,W,Weekly,MCVD19,Mortality due to COVID-19,_T,Total,_T,Total,DT,Deaths,2020-W05,,0,,A,Normal value,0,Units
DATAFLOW,OECD.ELS.HD:DSD_HEALTH_MORTALITY@DF_MORTALITY_COVID(1.0),COVID-19 mortality by week,I,AUS,Australia,W,Weekly,MCVD19,Mortality due to COVID-19,_T,Total,_T,Total,DT,Deaths,2020-W06,,0,,A,Normal value,0,Units
DATAFLOW,OECD.ELS.HD:DSD_HEALTH_MORTALITY@DF_MORTALITY_COVID(1.0),COVID-19 mortality by week,I,AUS,Australia,W,Weekly,MCVD19,Mortality due to COVID-19,_T,Total,_T,Total,DT,Deaths,2020-W07,,0,,A,Normal value,0,Units
DATAFLOW,OECD.ELS.HD:DSD_HEALTH_MORTALITY@DF_MORTALITY_COVID(1.0),COVID-19 mortality by week,I,AUS,Australia,W,Weekly,MCVD19,Mortality due to COVID-19,_T,Total,_T,Total,DT,Deaths,2020-W08,,0,,A,Normal value,0,Units
DATAFLOW,OECD.ELS.HD:DSD_HEALTH_MORTALITY@DF_MORTALITY_COVID(1.0),COVID-19 mortality by week,I,AUS,Australia,W,Weekly,MCVD19,Mortality due to COVID-19,_T,Total,_T,Total,DT,Deaths,2020-W09,,0,,A,Normal value,0,Units
DATAFLOW,OECD.ELS.HD:DSD_HEALTH_MORTALITY@DF_MORTALITY_COVID(1.0),COVID-19 mortality by week,I,AUS,Australia,W,Weekly,MCVD19,Mortality due to COVID-19,_T,Total,_T,Total,DT,Deaths,2020-W10,,4,,A,Normal value,0,Units
DATAFLOW,OECD.ELS.HD:DSD_HEALTH_MORTALITY@DF_MORTALITY_COVID(1.0),COVID-19 mortality by week,I,AUS,Australia,W,Weekly,MCVD19,Mortality due to COVID-19,_T,Total,_T,Total,DT,Deaths,2020-W11,,3,,A,Normal value,0,Units
DATAFLOW,OECD.ELS.HD:DSD_HEALTH_MORTALITY@DF_MORTALITY_COVID(1.0),COVID-19 mortality by week,I,AUS,Australia,W,Weekly,MCVD19,Mortality due to COVID-19,_T,Total,_T,Total,DT,Deaths,2020-W12,,2,,A,Normal value,0,Units
DATAFLOW,OECD.ELS.HD:DSD_HEALTH_MORTALITY@DF_MORTALITY_COVID(1.0),COVID-19 mortality by week,I,AUS,Australia,W,Weekly,MCVD19,Mortality due to COVID-19,_T,Total,_T,Total,DT,Deaths,2020-W13,,7,,A,Normal value,0,Units
DATAFLOW,OECD.ELS.HD:DSD_HEALTH_MORTALITY@DF_MORTALITY_COVID(1.0),COVID-19 mortality by week,I,AUS,Australia,W,Weekly,MCVD19,Mortality due to COVID-19,_T,Total,_T,Total,DT,Deaths,2020-W14,,20,,A,Normal value,0,Units
DATAFLOW,OECD.ELS.HD:DSD_HEALTH_MORTALITY@DF_MORTALITY_COVID(1.0),COVID-19 mortality by week,I,AUS,Australia,W,Weekly,MCVD19,Mortality due to COVID-19,_T,Total,_T,Total,DT,Deaths,2020-W15,,25,,A,Normal value,0,Units
DATAFLOW,OECD.ELS.HD:DSD_HEALTH_MORTALITY@DF_MORTALITY_COVID(1.0),COVID-19 mortality by week,I,AUS,Australia,W,Weekly,MCVD19,Mortality due to COVID-19,_T,Total,_T,Total,DT,Deaths,2020-W16,,12,,A,Normal value,0,Units
DATAFLOW,OECD.ELS.HD:DSD_HEALTH_MORTALITY@DF_MORTALITY_COVID(1.0),COVID-19 mortality by week,I,AUS,Australia,W,Weekly,MCVD19,Mortality due to COVID-19,_T,Total,_T,Total,DT,Deaths,2020-W17,,12,,A,Normal value,0,Units
DATAFLOW,OECD.ELS.HD:DSD_HEALTH_MORTALITY@DF_MORTALITY_COVID(1.0),COVID-19 mortality by week,I,AUS,Australia,W,Weekly,MCVD19,Mortality due to COVID-19,_T,Total,_T,Total,DT,Deaths,2020-W18,,14,,A,Normal value,0,Units
DATAFLOW,OECD.ELS.HD:DSD_HEALTH_MORTALITY@DF_MORTALITY_COVID(1.0),COVID-19 mortality by week,I,AUS,Australia,W,Weekly,MCVD19,Mortality due to COVID-19,_T,Total,_T,Total,DT,Deaths,2020-W19,,2,,A,Normal value,0,Units
DATAFLOW,OECD.ELS.HD:DSD_HEALTH_MORTALITY@DF_MORTALITY_COVID(1.0),COVID-19 mortality by week,I,AUS,Australia,W,Weekly,MCVD19,Mortality due to COVID-19,_T,Total,_T,Total,DT,Deaths,2020-W20,,2,,A,Normal value,0,Units
DATAFLOW,OECD.ELS.HD:DSD_HEALTH_MORTALITY@DF_MORTALITY_COVID(1.0),COVID-19 mortality by week,I,AUS,Australia,W,Weekly,MCVD19,Mortality due to COVID-19,_T,Total,_T,Total,DT,Deaths,2020-W21,,4,,A,Normal value,0,Units
DATAFLOW,OECD.ELS.HD:DSD_HEALTH_MORTALITY@DF_MORTALITY_COVID(1.0),COVID-19 mortality by week,I,AUS,Australia,W,Weekly,MCVD19,Mortality due to COVID-19,_T,Total,_T,Total,DT,Deaths,2020-W22,,0,,A,Normal value,0,Units
DATAFLOW,OECD.ELS.HD:DSD_HEALTH_MORTALITY@DF_MORTALITY_COVID(1.0),COVID-19 mortality by week,I,AUS,Australia,W,Weekly,MCVD19,Mortality due to COVID-19,_T,Total,_T,Total,DT,Deaths,2020-W23,,0,,A,Normal value,0,Units
DATAFLOW,OECD.ELS.HD:DSD_HEALTH_MORTALITY@DF_MORTALITY_COVID(1.0),COVID-19 mortality by week,I,AUS,Australia,W,Weekly,MCVD19,Mortality due to COVID-19,_T,Total,_T,Total,DT,Deaths,2020-W24,,0,,A,Normal value,0,Units
DATAFLOW,OECD.ELS.HD:DSD_HEALTH_MORTALITY@DF_MORTALITY_COVID(1.0),COVID-19 mortality by week,I,AUS,Australia,W,Weekly,MCVD19,Mortality due to COVID-19,_T,Total,_T,Total,DT,Deaths,2020-W25,,0,,A,Normal value,0,Units
DATAFLOW,OECD.ELS.HD:DSD_HEALTH_MORTALITY@DF_MORTALITY_COVID(1.0),COVID-19 mortality by week,I,AUS,Australia,W,Weekly,MCVD19,Mortality due to COVID-19,_T,Total,_T,Total,DT,Deaths,2020-W26,,1,,A,Normal value,0,Units
DATAFLOW,OECD.ELS.HD:DSD_HEALTH_MORTALITY@DF_MORTALITY_COVID(1.0),COVID-19 mortality by week,I,AUS,Australia,W,Weekly,MCVD19,Mortality due to COVID-19,_T,Total,_T,Total,DT,Deaths,2020-W27,,1,,A,Normal value,0,Units
DATAFLOW,OECD.ELS.HD:DSD_HEALTH_MORTALITY@DF_MORTALITY_COVID(1.0),COVID-19 mortality by week,I,AUS,Australia,W,Weekly,MCVD19,Mortality due to COVID-19,_T,Total,_T,Total,DT,Deaths,2020-W28,,4,,A,Normal value,0,Units
DATAFLOW,OECD.ELS.HD:DSD_HEALTH_MORTALITY@DF_MORTALITY_COVID(1.0),COVID-19 mortality by week,I,AUS,Australia,W,Weekly,MCVD19,Mortality due to COVID-19,_T,Total,_T,Total,DT,Deaths,2020-W29,,16,,A,Normal value,0,Units
DATAFLOW,OECD.ELS.HD:DSD_HEALTH_MORTALITY@DF_MORTALITY_COVID(1.0),COVID-19 mortality by week,I,AUS,Australia,W,Weekly,MCVD19,Mortality due to COVID-19,_T,Total,_T,Total,DT,Deaths,2020-W30,,45,,A,Normal value,0,Units
DATAFLOW,OECD.ELS.HD:DSD_HEALTH_MORTALITY@DF_MORTALITY_COVID(1.0),COVID-19 mortality by week,I,AUS,Australia,W,Weekly,MCVD19,Mortality due to COVID-19,_T,Total,_T,Total,DT,Deaths,2020-W31,,95,,A,Normal value,0,Units
DATAFLOW,OECD.ELS.HD:DSD_HEALTH_MORTALITY@DF_MORTALITY_COVID(1.0),COVID-19 mortality by week,I,AUS,Australia,W,Weekly,MCVD19,Mortality due to COVID-19,_T,Total,_T,Total,DT,Deaths,2020-W32,,106,,A,Normal value,0,Units
DATAFLOW,OECD.ELS.HD:DSD_HEALTH_MORTALITY@DF_MORTALITY_COVID(1.0),COVID-19 mortality by week,I,AUS,Australia,W,Weekly,MCVD19,Mortality due to COVID-19,_T,Total,_T,Total,DT,Deaths,2020-W33,,138,,A,Normal value,0,Units
DATAFLOW,OECD.ELS.HD:DSD_HEALTH_MORTALITY@DF_MORTALITY_COVID(1.0),COVID-19 mortality by week,I,AUS,Australia,W,Weekly,MCVD19,Mortality due to COVID-19,_T,Total,_T,Total,DT,Deaths,2020-W34,,114,,A,Normal value,0,Units
DATAFLOW,OECD.ELS.HD:DSD_HEALTH_MORTALITY@DF_MORTALITY_COVID(1.0),COVID-19 mortality by week,I,AUS,Australia,W,Weekly,MCVD19,Mortality due to COVID-19,_T,Total,_T,Total,DT,Deaths,2020-W35,,97,,A,Normal value,0,Units
DATAFLOW,OECD.ELS.HD:DSD_HEALTH_MORTALITY@DF_MORTALITY_COVID(1.0),COVID-19 mortality by week,I,AUS,Australia,W,Weekly,MCVD19,Mortality due to COVID-19,_T,Total,_T,Total,DT,Deaths,2020-W36,,58,,A,Normal value,0,Units
DATAFLOW,OECD.ELS.HD:DSD_HEALTH_MORTALITY@DF_MORTALITY_COVID(1.0),COVID-19 mortality by week,I,AUS,Australia,W,Weekly,MCVD19,Mortality due to COVID-19,_T,Total,_T,Total,DT,Deaths,2020-W37,,46,,A,Normal value,0,Units
DATAFLOW,OECD.ELS.HD:DSD_HEALTH_MORTALITY@DF_MORTALITY_COVID(1.0),COVID-19 mortality by week,I,AUS,Australia,W,Weekly,MCVD19,Mortality due to COVID-19,_T,Total,_T,Total,DT,Deaths,2020-W38,,36,,A,Normal value,0,Units
DATAFLOW,OECD.ELS.HD:DSD_HEALTH_MORTALITY@DF_MORTALITY_COVID(1.0),COVID-19 mortality by week,I,AUS,Australia,W,Weekly,MCVD19,Mortality due to COVID-19,_T,Total,_T,Total,DT,Deaths,2020-W39,,23,,A,Normal value,0,Units
DATAFLOW,OECD.ELS.HD:DSD_HEALTH_MORTALITY@DF_MORTALITY_COVID(1.0),COVID-19 mortality by week,I,AUS,Australia,W,Weekly,MCVD19,Mortality due to COVID-19,_T,Total,_T,Total,DT,Deaths,2020-W40,,19,,A,Normal value,0,Units
DATAFLOW,OECD.ELS.HD:DSD_HEALTH_MORTALITY@DF_MORTALITY_COVID(1.0),COVID-19 mortality by week,I,AUS,Australia,W,Weekly,MCVD19,Mortality due to COVID-19,_T,Total,_T,Total,DT,Deaths,2020-W41,,5,,A,Normal value,0,Units
DATAFLOW,OECD.ELS.HD:DSD_HEALTH_MORTALITY@DF_MORTALITY_COVID(1.0),COVID-19 mortality by week,I,AUS,Australia,W,Weekly,MCVD19,Mortality due to COVID-19,_T,Total,_T,Total,DT,Deaths,2020-W42,,1,,A,Normal value,0,Units
DATAFLOW,OECD.ELS.HD:DSD_HEALTH_MORTALITY@DF_MORTALITY_COVID(1.0),COVID-19 mortality by week,I,AUS,Australia,W,Weekly,MCVD19,Mortality due to COVID-19,_T,Total,_T,Total,DT,Deaths,2020-W43,,2,,A,Normal value,0,Units
DATAFLOW,OECD.ELS.HD:DSD_HEALTH_MORTALITY@DF_MORTALITY_COVID(1.0),COVID-19 mortality by week,I,AUS,Australia,W,Weekly,MCVD19,Mortality due to COVID-19,_T,Total,_T,Total,DT,Deaths,2020-W44,,0,,A,Normal value,0,Units
DATAFLOW,OECD.ELS.HD:DSD_HEALTH_MORTALITY@DF_MORTALITY_COVID(1.0),COVID-19 mortality by week,I,AUS,Australia,W,Weekly,MCVD19,Mortality due to COVID-19,_T,Total,_T,Total,DT,Deaths,2020-W45,,0,,A,Normal value,0,Units
DATAFLOW,OECD.ELS.HD:DSD_HEALTH_MORTALITY@DF_MORTALITY_COVID(1.0),COVID-19 mortality by week,I,AUS,Australia,W,Weekly,MCVD19,Mortality due to COVID-19,_T,Total,_T,Total,DT,Deaths,2020-W46,,3,,A,Normal value,0,Units
DATAFLOW,OECD.ELS.HD:DSD_HEALTH_MORTALITY@DF_MORTALITY_COVID(1.0),COVID-19 mortality by week,I,AUS,Australia,W,Weekly,MCVD19,Mortality due to COVID-19,_T,Total,_T,Total,DT,Deaths,2020-W47,,0,,A,Normal value,0,Units
DATAFLOW,OECD.ELS.HD:DSD_HEALTH_MORTALITY@DF_MORTALITY_COVID(1.0),COVID-19 mortality by week,I,AUS,Australia,W,Weekly,MCVD19,Mortality due to COVID-19,_T,Total,_T,Total,DT,Deaths,2020-W48,,1,,A,Normal value,0,Units
DATAFLOW,OECD.ELS.HD:DSD_HEALTH_MORTALITY@DF_MORTALITY_COVID(1.0),COVID-19 mortality by week,I,AUS,Australia,W,Weekly,MCVD19,Mortality due to COVID-19,_T,Total,_T,Total,DT,Deaths,2020-W49,,1,,A,Normal value,0,Units
DATAFLOW,OECD.ELS.HD:DSD_HEALTH_MORTALITY@DF_MORTALITY_COVID(1.0),COVID-19 mortality by week,I,AUS,Australia,W,Weekly,MCVD19,Mortality due to COVID-19,_T,Total,_T,Total,DT,Deaths,2020-W50,,0,,A,Normal value,0,Units
DATAFLOW,OECD.ELS.HD:DSD_HEALTH_MORTALITY@DF_MORTALITY_COVID(1.0),COVID-19 mortality by week,I,AUS,Australia,W,Weekly,MCVD19,Mortality due to COVID-19,_T,Total,_T,Total,DT,Deaths,2020-W51,,0,,A,Normal value,0,Units
DATAFLOW,OECD.ELS.HD:DSD_HEALTH_MORTALITY@DF_MORTALITY_COVID(1.0),COVID-19 mortality by week,I,AUS,Australia,W,Weekly,MCVD19,Mortality due to COVID-19,_T,Total,_T,Total,DT,Deaths,2020-W52,,1,,A,Normal value,0,Units
DATAFLOW,OECD.ELS.HD:DSD_HEALTH_MORTALITY@DF_MORTALITY_COVID(1.0),COVID-19 mortality by week,I,AUS,Australia,W,Weekly,MCVD19,Mortality due to COVID-19,_T,Total,_T,Total,DT,Deaths,2020-W53,,2,,A,Normal value,0,Units
DATAFLOW,OECD.ELS.HD:DSD_HEALTH_MORTALITY@DF_MORTALITY_COVID(1.0),COVID-19 mortality by week,I,AUS,Australia,W,Weekly,MCVD19,Mortality due to COVID-19,_T,Total,_T,Total,DT,Deaths,2021-W01,,0,,A,Normal value,0,Units
DATAFLOW,OECD.ELS.HD:DSD_HEALTH_MORTALITY@DF_MORTALITY_COVID(1.0),COVID-19 mortality by week,I,AUS,Australia,W,Weekly,MCVD19,Mortality due to COVID-19,_T,Total,_T,Total,DT,Deaths,2021-W02,,1,,A,Normal value,0,Units
DATAFLOW,OECD.ELS.HD:DSD_HEALTH_MORTALITY@DF_MORTALITY_COVID(1.0),COVID-19 mortality by week,I,AUS,Australia,W,Weekly,MCVD19,Mortality due to COVID-19,_T,Total,_T,Total,DT,Deaths,2021-W03,,0,,A,Normal value,0,Units
DATAFLOW,OECD.ELS.HD:DSD_HEALTH_MORTALITY@DF_MORTALITY_COVID(1.0),COVID-19 mortality by week,I,AUS,Australia,W,Weekly,MCVD19,Mortality due to COVID-19,_T,Total,_T,Total,DT,Deaths,2021-W04,,0,,A,Normal value,0,Units
DATAFLOW,OECD.ELS.HD:DSD_HEALTH_MORTALITY@DF_MORTALITY_COVID(1.0),COVID-19 mortality by week,I,AUS,Australia,W,Weekly,MCVD19,Mortality due to COVID-19,_T,Total,_T,Total,DT,Deaths,2021-W05,,0,,A,Normal value,0,Units
DATAFLOW,OECD.ELS.HD:DSD_HEALTH_MORTALITY@DF_MORTALITY_COVID(1.0),COVID-19 mortality by week,I,AUS,Australia,W,Weekly,MCVD19,Mortality due to COVID-19,_T,Total,_T,Total,DT,Deaths,2021-W06,,0,,A,Normal value,0,Units
DATAFLOW,OECD.ELS.HD:DSD_HEALTH_MORTALITY@DF_MORTALITY_COVID(1.0),COVID-19 mortality by week,I,AUS,Australia,W,Weekly,MCVD19,Mortality due to COVID-19,_T,Total,_T,Total,DT,Deaths,2021-W07,,1,,A,Normal value,0,Units
DATAFLOW,OECD.ELS.HD:DSD_HEALTH_MORTALITY@DF_MORTALITY_COVID(1.0),COVID-19 mortality by week,I,AUS,Australia,W,Weekly,MCVD19,Mortality due to COVID-19,_T,Total,_T,Total,DT,Deaths,2021-W08,,0,,A,Normal value,0,Units
DATAFLOW,OECD.ELS.HD:DSD_HEALTH_MORTALITY@DF_MORTALITY_COVID(1.0),COVID-19 mortality by week,I,AUS,Australia,W,Weekly,MCVD19,Mortality due to COVID-19,_T,Total,_T,Total,DT,Deaths,2021-W09,,0,,A,Normal value,0,Units
DATAFLOW,OECD.ELS.HD:DSD_HEALTH_MORTALITY@DF_MORTALITY_COVID(1.0),COVID-19 mortality by week,I,AUS,Australia,W,Weekly,MCVD19,Mortality due to COVID-19,_T,Total,_T,Total,DT,Deaths,2021-W10,,1,,A,Normal value,0,Units
DATAFLOW,OECD.ELS.HD:DSD_HEALTH_MORTALITY@DF_MORTALITY_COVID(1.0),COVID-19 mortality by week,I,AUS,Australia,W,Weekly,MCVD19,Mortality due to COVID-19,_T,Total,_T,Total,DT,Deaths,2021-W11,,0,,A,Normal value,0,Units
DATAFLOW,OECD.ELS.HD:DSD_HEALTH_MORTALITY@DF_MORTALITY_COVID(1.0),COVID-19 mortality by week,I,AUS,Australia,W,Weekly,MCVD19,Mortality due to COVID-19,_T,Total,_T,Total,DT,Deaths,2021-W12,,0,,A,Normal value,0,Units
DATAFLOW,OECD.ELS.HD:DSD_HEALTH_MORTALITY@DF_MORTALITY_COVID(1.0),COVID-19 mortality by week,I,AUS,Australia,W,Weekly,MCVD19,Mortality due to COVID-19,_T,Total,_T,Total,DT,Deaths,2021-W13,,1,,A,Normal value,0,Units
DATAFLOW,OECD.ELS.HD:DSD_HEALTH_MORTALITY@DF_MORTALITY_COVID(1.0),COVID-19 mortality by week,I,AUS,Australia,W,Weekly,MCVD19,Mortality due to COVID-19,_T,Total,_T,Total,DT,Deaths,2021-W14,,0,,A,Normal value,0,Units
DATAFLOW,OECD.ELS.HD:DSD_HEALTH_MORTALITY@DF_MORTALITY_COVID(1.0),COVID-19 mortality by week,I,AUS,Australia,W,Weekly,MCVD19,Mortality due to COVID-19,_T,Total,_T,Total,DT,Deaths,2021-W15,,2,,A,Normal value,0,Units
DATAFLOW,OECD.ELS.HD:DSD_HEALTH_MORTALITY@DF_MORTALITY_COVID(1.0),COVID-19 mortality by week,I,AUS,Australia,W,Weekly,MCVD19,Mortality due to COVID-19,_T,Total,_T,Total,DT,Deaths,2021-W16,,0,,A,Normal value,0,Units
DATAFLOW,OECD.ELS.HD:DSD_HEALTH_MORTALITY@DF_MORTALITY_COVID(1.0),COVID-19 mortality by week,I,AUS,Australia,W,Weekly,MCVD19,Mortality due to COVID-19,_T,Total,_T,Total,DT,Deaths,2021-W17,,0,,A,Normal value,0,Units
DATAFLOW,OECD.ELS.HD:DSD_HEALTH_MORTALITY@DF_MORTALITY_COVID(1.0),COVID-19 mortality by week,I,AUS,Australia,W,Weekly,MCVD19,Mortality due to COVID-19,_T,Total,_T,Total,DT,Deaths,2021-W18,,0,,A,Normal value,0,Units
DATAFLOW,OECD.ELS.HD:DSD_HEALTH_MORTALITY@DF_MORTALITY_COVID(1.0),COVID-19 mortality by week,I,AUS,Australia,W,Weekly,MCVD19,Mortality due to COVID-19,_T,Total,_T,Total,DT,Deaths,2021-W19,,0,,A,Normal value,0,Units
DATAFLOW,OECD.ELS.HD:DSD_HEALTH_MORTALITY@DF_MORTALITY_COVID(1.0),COVID-19 mortality by week,I,AUS,Australia,W,Weekly,MCVD19,Mortality due to COVID-19,_T,Total,_T,Total,DT,Deaths,2021-W20,,0,,A,Normal value,0,Units
DATAFLOW,OECD.ELS.HD:DSD_HEALTH_MORTALITY@DF_MORTALITY_COVID(1.0),COVID-19 mortality by week,I,AUS,Australia,W,Weekly,MCVD19,Mortality due to COVID-19,_T,Total,_T,Total,DT,Deaths,2021-W21,,0,,A,Normal value,0,Units
DATAFLOW,OECD.ELS.HD:DSD_HEALTH_MORTALITY@DF_MORTALITY_COVID(1.0),COVID-19 mortality by week,I,AUS,Australia,W,Weekly,MCVD19,Mortality due to COVID-19,_T,Total,_T,Total,DT,Deaths,2021-W22,,0,,A,Normal value,0,Units
DATAFLOW,OECD.ELS.HD:DSD_HEALTH_MORTALITY@DF_MORTALITY_COVID(1.0),COVID-19 mortality by week,I,AUS,Australia,W,Weekly,MCVD19,Mortality due to COVID-19,_T,Total,_T,Total,DT,Deaths,2021-W23,,0,,A,Normal value,0,Units
DATAFLOW,OECD.ELS.HD:DSD_HEALTH_MORTALITY@DF_MORTALITY_COVID(1.0),COVID-19 mortality by week,I,AUS,Australia,W,Weekly,MCVD19,Mortality due to COVID-19,_T,Total,_T,Total,DT,Deaths,2021-W24,,0,,A,Normal value,0,Units
DATAFLOW,OECD.ELS.HD:DSD_HEALTH_MORTALITY@DF_MORTALITY_COVID(1.0),COVID-19 mortality by week,I,AUS,Australia,W,Weekly,MCVD19,Mortality due to COVID-19,_T,Total,_T,Total,DT,Deaths,2021-W25,,0,,A,Normal value,0,Units
DATAFLOW,OECD.ELS.HD:DSD_HEALTH_MORTALITY@DF_MORTALITY_COVID(1.0),COVID-19 mortality by week,I,AUS,Australia,W,Weekly,MCVD19,Mortality due to COVID-19,_T,Total,_T,Total,DT,Deaths,2021-W26,,0,,A,Normal value,0,Units
DATAFLOW,OECD.ELS.HD:DSD_HEALTH_MORTALITY@DF_MORTALITY_COVID(1.0),COVID-19 mortality by week,I,AUS,Australia,W,Weekly,MCVD19,Mortality due to COVID-19,_T,Total,_T,Total,DT,Deaths,2021-W27,,2,,A,Normal value,0,Units
DATAFLOW,OECD.ELS.HD:DSD_HEALTH_MORTALITY@DF_MORTALITY_COVID(1.0),COVID-19 mortality by week,I,AUS,Australia,W,Weekly,MCVD19,Mortality due to COVID-19,_T,Total,_T,Total,DT,Deaths,2021-W28,,5,,A,Normal value,0,Units
DATAFLOW,OECD.ELS.HD:DSD_HEALTH_MORTALITY@DF_MORTALITY_COVID(1.0),COVID-19 mortality by week,I,AUS,Australia,W,Weekly,MCVD19,Mortality due to COVID-19,_T,Total,_T,Total,DT,Deaths,2021-W29,,5,,A,Normal value,0,Units
DATAFLOW,OECD.ELS.HD:DSD_HEALTH_MORTALITY@DF_MORTALITY_COVID(1.0),COVID-19 mortality by week,I,AUS,Australia,W,Weekly,MCVD19,Mortality due to COVID-19,_T,Total,_T,Total,DT,Deaths,2021-W30,,7,,A,Normal value,0,Units
DATAFLOW,OECD.ELS.HD:DSD_HEALTH_MORTALITY@DF_MORTALITY_COVID(1.0),COVID-19 mortality by week,I,AUS,Australia,W,Weekly,MCVD19,Mortality due to COVID-19,_T,Total,_T,Total,DT,Deaths,2021-W31,,16,,A,Normal value,0,Units
DATAFLOW,OECD.ELS.HD:DSD_HEALTH_MORTALITY@DF_MORTALITY_COVID(1.0),COVID-19 mortality by week,I,AUS,Australia,W,Weekly,MCVD19,Mortality due to COVID-19,_T,Total,_T,Total,DT,Deaths,2021-W32,,27,,A,Normal value,0,Units
DATAFLOW,OECD.ELS.HD:DSD_HEALTH_MORTALITY@DF_MORTALITY_COVID(1.0),COVID-19 mortality by week,I,AUS,Australia,W,Weekly,MCVD19,Mortality due to COVID-19,_T,Total,_T,Total,DT,Deaths,2021-W33,,22,,A,Normal value,0,Units
DATAFLOW,OECD.ELS.HD:DSD_HEALTH_MORTALITY@DF_MORTALITY_COVID(1.0),COVID-19 mortality by week,I,AUS,Australia,W,Weekly,MCVD19,Mortality due to COVID-19,_T,Total,_T,Total,DT,Deaths,2021-W34,,20,,A,Normal value,0,Units
DATAFLOW,OECD.ELS.HD:DSD_HEALTH_MORTALITY@DF_MORTALITY_COVID(1.0),COVID-19 mortality by week,I,AUS,Australia,W,Weekly,MCVD19,Mortality due to COVID-19,_T,Total,_T,Total,DT,Deaths,2021-W35,,52,,A,Normal value,0,Units
DATAFLOW,OECD.ELS.HD:DSD_HEALTH_MORTALITY@DF_MORTALITY_COVID(1.0),COVID-19 mortality by week,I,AUS,Australia,W,Weekly,MCVD19,Mortality due to COVID-19,_T,Total,_T,Total,DT,Deaths,2021-W36,,56,,A,Normal value,0,Units
DATAFLOW,OECD.ELS.HD:DSD_HEALTH_MORTALITY@DF_MORTALITY_COVID(1.0),COVID-19 mortality by week,I,AUS,Australia,W,Weekly,MCVD19,Mortality due to COVID-19,_T,Total,_T,Total,DT,Deaths,2021-W37,,77,,A,Normal value,0,Units
DATAFLOW,OECD.ELS.HD:DSD_HEALTH_MORTALITY@DF_MORTALITY_COVID(1.0),COVID-19 mortality by week,I,AUS,Australia,W,Weekly,MCVD19,Mortality due to COVID-19,_T,Total,_T,Total,DT,Deaths,2021-W38,,95,,A,Normal value,0,Units
DATAFLOW,OECD.ELS.HD:DSD_HEALTH_MORTALITY@DF_MORTALITY_COVID(1.0),COVID-19 mortality by week,I,AUS,Australia,W,Weekly,MCVD19,Mortality due to COVID-19,_T,Total,_T,Total,DT,Deaths,2021-W39,,110,,A,Normal value,0,Units
DATAFLOW,OECD.ELS.HD:DSD_HEALTH_MORTALITY@DF_MORTALITY_COVID(1.0),COVID-19 mortality by week,I,AUS,Australia,W,Weekly,MCVD19,Mortality due to COVID-19,_T,Total,_T,Total,DT,Deaths,2021-W40,,119,,A,Normal value,0,Units
DATAFLOW,OECD.ELS.HD:DSD_HEALTH_MORTALITY@DF_MORTALITY_COVID(1.0),COVID-19 mortality by week,I,AUS,Australia,W,Weekly,MCVD19,Mortality due to COVID-19,_T,Total,_T,Total,DT,Deaths,2021-W41,,105,,A,Normal value,0,Units
DATAFLOW,OECD.ELS.HD:DSD_HEALTH_MORTALITY@DF_MORTALITY_COVID(1.0),COVID-19 mortality by week,I,AUS,Australia,W,Weekly,MCVD19,Mortality due to COVID-19,_T,Total,_T,Total,DT,Deaths,2021-W42,,108,,A,Normal value,0,Units
DATAFLOW,OECD.ELS.HD:DSD_HEALTH_MORTALITY@DF_MORTALITY_COVID(1.0),COVID-19 mortality by week,I,AUS,Australia,W,Weekly,MCVD19,Mortality due to COVID-19,_T,Total,_T,Total,DT,Deaths,2021-W43,,112,,A,Normal value,0,Units
DATAFLOW,OECD.ELS.HD:DSD_HEALTH_MORTALITY@DF_MORTALITY_COVID(1.0),COVID-19 mortality by week,I,AUS,Australia,W,Weekly,MCVD19,Mortality due to COVID-19,_T,Total,_T,Total,DT,Deaths,2021-W44,,97,,A,Normal value,0,Units
DATAFLOW,OECD.ELS.HD:DSD_HEALTH_MORTALITY@DF_MORTALITY_COVID(1.0),COVID-19 mortality by week,I,AUS,Australia,W,Weekly,MCVD19,Mortality due to COVID-19,_T,Total,_T,Total,DT,Deaths,2021-W45,,66,,A,Normal value,0,Units
DATAFLOW,OECD.ELS.HD:DSD_HEALTH_MORTALITY@DF_MORTALITY_COVID(1.0),COVID-19 mortality by week,I,AUS,Australia,W,Weekly,MCVD19,Mortality due to COVID-19,_T,Total,_T,Total,DT,Deaths,2021-W46,,81,,A,Normal value,0,Units
DATAFLOW,OECD.ELS.HD:DSD_HEALTH_MORTALITY@DF_MORTALITY_COVID(1.0),COVID-19 mortality by week,I,AUS,Australia,W,Weekly,MCVD19,Mortality due to COVID-19,_T,Total,_T,Total,DT,Deaths,2021-W47,,56,,A,Normal value,0,Units
DATAFLOW,OECD.ELS.HD:DSD_HEALTH_MORTALITY@DF_MORTALITY_COVID(1.0),COVID-19 mortality by week,I,AUS,Australia,W,Weekly,MCVD19,Mortality due to COVID-19,_T,Total,_T,Total,DT,Deaths,2021-W48,,52,,A,Normal value,0,Units
DATAFLOW,OECD.ELS.HD:DSD_HEALTH_MORTALITY@DF_MORTALITY_COVID(1.0),COVID-19 mortality by week,I,AUS,Australia,W,Weekly,MCVD19,Mortality due to COVID-19,_T,Total,_T,Total,DT,Deaths,2021-W49,,36,,A,Normal value,0,Units
DATAFLOW,OECD.ELS.HD:DSD_HEALTH_MORTALITY@DF_MORTALITY_COVID(1.0),COVID-19 mortality by week,I,AUS,Australia,W,Weekly,MCVD19,Mortality due to COVID-19,_T,Total,_T,Total,DT,Deaths,2021-W50,,54,,A,Normal value,0,Units
DATAFLOW,OECD.ELS.HD:DSD_HEALTH_MORTALITY@DF_MORTALITY_COVID(1.0),COVID-19 mortality by week,I,AUS,Australia,W,Weekly,MCVD19,Mortality due to COVID-19,_T,Total,_T,Total,DT,Deaths,2021-W51,,69,,A,Normal value,0,Units
DATAFLOW,OECD.ELS.HD:DSD_HEALTH_MORTALITY@DF_MORTALITY_COVID(1.0),COVID-19 mortality by week,I,AUS,Australia,W,Weekly,MCVD19,Mortality due to COVID-19,_T,Total,_T,Total,DT,Deaths,2021-W52,,103,,A,Normal value,0,Units
DATAFLOW,OECD.ELS.HD:DSD_HEALTH_MORTALITY@DF_MORTALITY_COVID(1.0),COVID-19 mortality by week,I,AUS,Australia,W,Weekly,MCVD19,Mortality due to COVID-19,_T,Total,_T,Total,DT,Deaths,2022-W01,,219,,A,Normal value,0,Units
DATAFLOW,OECD.ELS.HD:DSD_HEALTH_MORTALITY@DF_MORTALITY_COVID(1.0),COVID-19 mortality by week,I,AUS,Australia,W,Weekly,MCVD19,Mortality due to COVID-19,_T,Total,_T,Total,DT,Deaths,2022-W02,,440,,A,Normal value,0,Units
DATAFLOW,OECD.ELS.HD:DSD_HEALTH_MORTALITY@DF_MORTALITY_COVID(1.0),COVID-19 mortality by week,I,AUS,Australia,W,Weekly,MCVD19,Mortality due to COVID-19,_T,Total,_T,Total,DT,Deaths,2022-W03,,660,,A,Normal value,0,Units
DATAFLOW,OECD.ELS.HD:DSD_HEALTH_MORTALITY@DF_MORTALITY_COVID(1.0),COVID-19 mortality by week,I,AUS,Australia,W,Weekly,MCVD19,Mortality due to COVID-19,_T,Total,_T,Total,DT,Deaths,2022-W04,,670,,A,Normal value,0,Units
DATAFLOW,OECD.ELS.HD:DSD_HEALTH_MORTALITY@DF_MORTALITY_COVID(1.0),COVID-19 mortality by week,I,AUS,Australia,W,Weekly,MCVD19,Mortality due to COVID-19,_T,Total,_T,Total,DT,Deaths,2022-W05,,581,,A,Normal value,0,Units
DATAFLOW,OECD.ELS.HD:DSD_HEALTH_MORTALITY@DF_MORTALITY_COVID(1.0),COVID-19 mortality by week,I,AUS,Australia,W,Weekly,MCVD19,Mortality due to COVID-19,_T,Total,_T,Total,DT,Deaths,2022-W06,,436,,A,Normal value,0,Units
DATAFLOW,OECD.ELS.HD:DSD_HEALTH_MORTALITY@DF_MORTALITY_COVID(1.0),COVID-19 mortality by week,I,AUS,Australia,W,Weekly,MCVD19,Mortality due to COVID-19,_T,Total,_T,Total,DT,Deaths,2022-W07,,324,,A,Normal value,0,Units
DATAFLOW,OECD.ELS.HD:DSD_HEALTH_MORTALITY@DF_MORTALITY_COVID(1.0),COVID-19 mortality by week,I,AUS,Australia,W,Weekly,MCVD19,Mortality due to COVID-19,_T,Total,_T,Total,DT,Deaths,2022-W08,,242,,A,Normal value,0,Units
DATAFLOW,OECD.ELS.HD:DSD_HEALTH_MORTALITY@DF_MORTALITY_COVID(1.0),COVID-19 mortality by week,I,AUS,Australia,W,Weekly,MCVD19,Mortality due to COVID-19,_T,Total,_T,Total,DT,Deaths,2022-W09,,151,,A,Normal value,0,Units
DATAFLOW,OECD.ELS.HD:DSD_HEALTH_MORTALITY@DF_MORTALITY_COVID(1.0),COVID-19 mortality by week,I,AUS,Australia,W,Weekly,MCVD19,Mortality due to COVID-19,_T,Total,_T,Total,DT,Deaths,2022-W10,,140,,A,Normal value,0,Units
DATAFLOW,OECD.ELS.HD:DSD_HEALTH_MORTALITY@DF_MORTALITY_COVID(1.0),COVID-19 mortality by week,I,AUS,Australia,W,Weekly,MCVD19,Mortality due to COVID-19,_T,Total,_T,Total,DT,Deaths,2022-W11,,139,,A,Normal value,0,Units
DATAFLOW,OECD.ELS.HD:DSD_HEALTH_MORTALITY@DF_MORTALITY_COVID(1.0),COVID-19 mortality by week,I,AUS,Australia,W,Weekly,MCVD19,Mortality due to COVID-19,_T,Total,_T,Total,DT,Deaths,2022-W12,,149,,A,Normal value,0,Units
DATAFLOW,OECD.ELS.HD:DSD_HEALTH_MORTALITY@DF_MORTALITY_COVID(1.0),COVID-19 mortality by week,I,AUS,Australia,W,Weekly,MCVD19,Mortality due to COVID-19,_T,Total,_T,Total,DT,Deaths,2022-W13,,200,,A,Normal value,0,Units
DATAFLOW,OECD.ELS.HD:DSD_HEALTH_MORTALITY@DF_MORTALITY_COVID(1.0),COVID-19 mortality by week,I,AUS,Australia,W,Weekly,MCVD19,Mortality due to COVID-19,_T,Total,_T,Total,DT,Deaths,2022-W14,,198,,A,Normal value,0,Units
DATAFLOW,OECD.ELS.HD:DSD_HEALTH_MORTALITY@DF_MORTALITY_COVID(1.0),COVID-19 mortality by week,I,AUS,Australia,W,Weekly,MCVD19,Mortality due to COVID-19,_T,Total,_T,Total,DT,Deaths,2022-W15,,250,,A,Normal value,0,Units
DATAFLOW,OECD.ELS.HD:DSD_HEALTH_MORTALITY@DF_MORTALITY_COVID(1.0),COVID-19 mortality by week,I,AUS,Australia,W,Weekly,MCVD19,Mortality due to COVID-19,_T,Total,_T,Total,DT,Deaths,2022-W16,,315,,A,Normal value,0,Units
DATAFLOW,OECD.ELS.HD:DSD_HEALTH_MORTALITY@DF_MORTALITY_COVID(1.0),COVID-19 mortality by week,I,AUS,Australia,W,Weekly,MCVD19,Mortality due to COVID-19,_T,Total,_T,Total,DT,Deaths,2022-W17,,295,,A,Normal value,0,Units
DATAFLOW,OECD.ELS.HD:DSD_HEALTH_MORTALITY@DF_MORTALITY_COVID(1.0),COVID-19 mortality by week,I,AUS,Australia,W,Weekly,MCVD19,Mortality due to COVID-19,_T,Total,_T,Total,DT,Deaths,2022-W18,,315,,A,Normal value,0,Units
DATAFLOW,OECD.ELS.HD:DSD_HEALTH_MORTALITY@DF_MORTALITY_COVID(1.0),COVID-19 mortality by week,I,AUS,Australia,W,Weekly,MCVD19,Mortality due to COVID-19,_T,Total,_T,Total,DT,Deaths,2022-W19,,339,,A,Normal value,0,Units
DATAFLOW,OECD.ELS.HD:DSD_HEALTH_MORTALITY@DF_MORTALITY_COVID(1.0),COVID-19 mortality by week,I,AUS,Australia,W,Weekly,MCVD19,Mortality due to COVID-19,_T,Total,_T,Total,DT,Deaths,2022-W20,,317,,A,Normal value,0,Units
DATAFLOW,OECD.ELS.HD:DSD_HEALTH_MORTALITY@DF_MORTALITY_COVID(1.0),COVID-19 mortality by week,I,AUS,Australia,W,Weekly,MCVD19,Mortality due to COVID-19,_T,Total,_T,Total,DT,Deaths,2022-W21,,344,,A,Normal value,0,Units
DATAFLOW,OECD.ELS.HD:DSD_HEALTH_MORTALITY@DF_MORTALITY_COVID(1.0),COVID-19 mortality by week,I,AUS,Australia,W,Weekly,MCVD19,Mortality due to COVID-19,_T,Total,_T,Total,DT,Deaths,2022-W22,,375,,A,Normal value,0,Units
DATAFLOW,OECD.ELS.HD:DSD_HEALTH_MORTALITY@DF_MORTALITY_COVID(1.0),COVID-19 mortality by week,I,AUS,Australia,W,Weekly,MCVD19,Mortality due to COVID-19,_T,Total,_T,Total,DT,Deaths,2022-W23,,331,,A,Normal value,0,Units
DATAFLOW,OECD.ELS.HD:DSD_HEALTH_MORTALITY@DF_MORTALITY_COVID(1.0),COVID-19 mortality by week,I,AUS,Australia,W,Weekly,MCVD19,Mortality due to COVID-19,_T,Total,_T,Total,DT,Deaths,2022-W24,,344,,A,Normal value,0,Units
DATAFLOW,OECD.ELS.HD:DSD_HEALTH_MORTALITY@DF_MORTALITY_COVID(1.0),COVID-19 mortality by week,I,AUS,Australia,W,Weekly,MCVD19,Mortality due to COVID-19,_T,Total,_T,Total,DT,Deaths,2022-W25,,324,,A,Normal value,0,Units
DATAFLOW,OECD.ELS.HD:DSD_HEALTH_MORTALITY@DF_MORTALITY_COVID(1.0),COVID-19 mortality by week,I,AUS,Australia,W,Weekly,MCVD19,Mortality due to COVID-19,_T,Total,_T,Total,DT,Deaths,2022-W26,,344,,A,Normal value,0,Units
DATAFLOW,OECD.ELS.HD:DSD_HEALTH_MORTALITY@DF_MORTALITY_COVID(1.0),COVID-19 mortality by week,I,AUS,Australia,W,Weekly,MCVD19,Mortality due to COVID-19,_T,Total,_T,Total,DT,Deaths,2022-W27,,400,,A,Normal value,0,Units
DATAFLOW,OECD.ELS.HD:DSD_HEALTH_MORTALITY@DF_MORTALITY_COVID(1.0),COVID-19 mortality by week,I,AUS,Australia,W,Weekly,MCVD19,Mortality due to COVID-19,_T,Total,_T,Total,DT,Deaths,2022-W28,,451,,A,Normal value,0,Units
DATAFLOW,OECD.ELS.HD:DSD_HEALTH_MORTALITY@DF_MORTALITY_COVID(1.0),COVID-19 mortality by week,I,AUS,Australia,W,Weekly,MCVD19,Mortality due to COVID-19,_T,Total,_T,Total,DT,Deaths,2022-W29,,607,,A,Normal value,0,Units
DATAFLOW,OECD.ELS.HD:DSD_HEALTH_MORTALITY@DF_MORTALITY_COVID(1.0),COVID-19 mortality by week,I,AUS,Australia,W,Weekly,MCVD19,Mortality due to COVID-19,_T,Total,_T,Total,DT,Deaths,2022-W30,,618,,A,Normal value,0,Units
DATAFLOW,OECD.ELS.HD:DSD_HEALTH_MORTALITY@DF_MORTALITY_COVID(1.0),COVID-19 mortality by week,I,AUS,Australia,W,Weekly,MCVD19,Mortality due to COVID-19,_T,Total,_T,Total,DT,Deaths,2022-W31,,603,,A,Normal value,0,Units
DATAFLOW,OECD.ELS.HD:DSD_HEALTH_MORTALITY@DF_MORTALITY_COVID(1.0),COVID-19 mortality by week,I,AUS,Australia,W,Weekly,MCVD19,Mortality due to COVID-19,_T,Total,_T,Total,DT,Deaths,2022-W32,,526,,A,Normal value,0,Units
DATAFLOW,OECD.ELS.HD:DSD_HEALTH_MORTALITY@DF_MORTALITY_COVID(1.0),COVID-19 mortality by week,I,AUS,Australia,W,Weekly,MCVD19,Mortality due to COVID-19,_T,Total,_T,Total,DT,Deaths,2022-W33,,375,,A,Normal value,0,Units
DATAFLOW,OECD.ELS.HD:DSD_HEALTH_MORTALITY@DF_MORTALITY_COVID(1.0),COVID-19 mortality by week,I,AUS,Australia,W,Weekly,MCVD19,Mortality due to COVID-19,_T,Total,_T,Total,DT,Deaths,2022-W34,,329,,A,Normal value,0,Units
DATAFLOW,OECD.ELS.HD:DSD_HEALTH_MORTALITY@DF_MORTALITY_COVID(1.0),COVID-19 mortality by week,I,AUS,Australia,W,Weekly,MCVD19,Mortality due to COVID-19,_T,Total,_T,Total,DT,Deaths,2022-W35,,240,,A,Normal value,0,Units
DATAFLOW,OECD.ELS.HD:DSD_HEALTH_MORTALITY@DF_MORTALITY_COVID(1.0),COVID-19 mortality by week,I,AUS,Australia,W,Weekly,MCVD19,Mortality due to COVID-19,_T,Total,_T,Total,DT,Deaths,2022-W36,,214,,A,Normal value,0,Units
DATAFLOW,OECD.ELS.HD:DSD_HEALTH_MORTALITY@DF_MORTALITY_COVID(1.0),COVID-19 mortality by week,I,AUS,Australia,W,Weekly,MCVD19,Mortality due to COVID-19,_T,Total,_T,Total,DT,Deaths,2022-W37,,184,,A,Normal value,0,Units
DATAFLOW,OECD.ELS.HD:DSD_HEALTH_MORTALITY@DF_MORTALITY_COVID(1.0),COVID-19 mortality by week,I,AUS,Australia,W,Weekly,MCVD19,Mortality due to COVID-19,_T,Total,_T,Total,DT,Deaths,2022-W38,,147,,A,Normal value,0,Units
DATAFLOW,OECD.ELS.HD:DSD_HEALTH_MORTALITY@DF_MORTALITY_COVID(1.0),COVID-19 mortality by week,I,AUS,Australia,W,Weekly,MCVD19,Mortality due to COVID-19,_T,Total,_T,Total,DT,Deaths,2022-W39,,113,,A,Normal value,0,Units
DATAFLOW,OECD.ELS.HD:DSD_HEALTH_MORTALITY@DF_MORTALITY_COVID(1.0),COVID-19 mortality by week,I,AUS,Australia,W,Weekly,MCVD19,Mortality due to COVID-19,_T,Total,_T,Total,DT,Deaths,2022-W40,,102,,A,Normal value,0,Units
DATAFLOW,OECD.ELS.HD:DSD_HEALTH_MORTALITY@DF_MORTALITY_COVID(1.0),COVID-19 mortality by week,I,AUS,Australia,W,Weekly,MCVD19,Mortality due to COVID-19,_T,Total,_T,Total,DT,Deaths,2022-W41,,74,,A,Normal value,0,Units
DATAFLOW,OECD.ELS.HD:DSD_HEALTH_MORTALITY@DF_MORTALITY_COVID(1.0),COVID-19 mortality by week,I,AUS,Australia,W,Weekly,MCVD19,Mortality due to COVID-19,_T,Total,_T,Total,DT,Deaths,2022-W42,,103,,A,Normal value,0,Units
DATAFLOW,OECD.ELS.HD:DSD_HEALTH_MORTALITY@DF_MORTALITY_COVID(1.0),COVID-19 mortality by week,I,AUS,Australia,W,Weekly,MCVD19,Mortality due to COVID-19,_T,Total,_T,Total,DT,Deaths,2022-W43,,85,,A,Normal value,0,Units
DATAFLOW,OECD.ELS.HD:DSD_HEALTH_MORTALITY@DF_MORTALITY_COVID(1.0),COVID-19 mortality by week,I,AUS,Australia,W,Weekly,MCVD19,Mortality due to COVID-19,_T,Total,_T,Total,DT,Deaths,2022-W44,,111,,A,Normal value,0,Units
DATAFLOW,OECD.ELS.HD:DSD_HEALTH_MORTALITY@DF_MORTALITY_COVID(1.0),COVID-19 mortality by week,I,AUS,Australia,W,Weekly,MCVD19,Mortality due to COVID-19,_T,Total,_T,Total,DT,Deaths,2022-W45,,116,,A,Normal value,0,Units
DATAFLOW,OECD.ELS.HD:DSD_HEALTH_MORTALITY@DF_MORTALITY_COVID(1.0),COVID-19 mortality by week,I,AUS,Australia,W,Weekly,MCVD19,Mortality due to COVID-19,_T,Total,_T,Total,DT,Deaths,2022-W46,,154,,A,Normal value,0,Units
DATAFLOW,OECD.ELS.HD:DSD_HEALTH_MORTALITY@DF_MORTALITY_COVID(1.0),COVID-19 mortality by week,I,AUS,Australia,W,Weekly,MCVD19,Mortality due to COVID-19,_T,Total,_T,Total,DT,Deaths,2022-W47,,178,,A,Normal value,0,Units
DATAFLOW,OECD.ELS.HD:DSD_HEALTH_MORTALITY@DF_MORTALITY_COVID(1.0),COVID-19 mortality by week,I,AUS,Australia,W,Weekly,MCVD19,Mortality due to COVID-19,_T,Total,_T,Total,DT,Deaths,2022-W48,,259,,A,Normal value,0,Units
DATAFLOW,OECD.ELS.HD:DSD_HEALTH_MORTALITY@DF_MORTALITY_COVID(1.0),COVID-19 mortality by week,I,AUS,Australia,W,Weekly,MCVD19,Mortality due to COVID-19,_T,Total,_T,Total,DT,Deaths,2022-W49,,272,,A,Normal value,0,Units
DATAFLOW,OECD.ELS.HD:DSD_HEALTH_MORTALITY@DF_MORTALITY_COVID(1.0),COVID-19 mortality by week,I,AUS,Australia,W,Weekly,MCVD19,Mortality due to COVID-19,_T,Total,_T,Total,DT,Deaths,2022-W50,,299,,A,Normal value,0,Units
DATAFLOW,OECD.ELS.HD:DSD_HEALTH_MORTALITY@DF_MORTALITY_COVID(1.0),COVID-19 mortality by week,I,AUS,Australia,W,Weekly,MCVD19,Mortality due to COVID-19,_T,Total,_T,Total,DT,Deaths,2022-W51,,334,,A,Normal value,0,Units
DATAFLOW,OECD.ELS.HD:DSD_HEALTH_MORTALITY@DF_MORTALITY_COVID(1.0),COVID-19 mortality by week,I,AUS,Australia,W,Weekly,MCVD19,Mortality due to COVID-19,_T,Total,_T,Total,DT,Deaths,2022-W52,,1094,,A,Normal value,0,Units
DATAFLOW,OECD.ELS.HD:DSD_HEALTH_MORTALITY@DF_MORTALITY_COVID(1.0),COVID-19 mortality by week,I,AUS,Australia,W,Weekly,MCVD19,Mortality due to COVID-19,_T,Total,_T,Total,DT,Deaths,2023-W01,,0,,A,Normal value,0,Units
DATAFLOW,OECD.ELS.HD:DSD_HEALTH_MORTALITY@DF_MORTALITY_COVID(1.0),COVID-19 mortality by week,I,AUS,Australia,W,Weekly,MCVD19,Mortality due to COVID-19,_T,Total,_T,Total,DT,Deaths,2023-W02,,0,,A,Normal value,0,Units
DATAFLOW,OECD.ELS.HD:DSD_HEALTH_MORTALITY@DF_MORTALITY_COVID(1.0),COVID-19 mortality by week,I,AUS,Australia,W,Weekly,MCVD19,Mortality due to COVID-19,_T,Total,_T,Total,DT,Deaths,2023-W03,,0,,A,Normal value,0,Units
DATAFLOW,OECD.ELS.HD:DSD_HEALTH_MORTALITY@DF_MORTALITY_COVID(1.0),COVID-19 mortality by week,I,AUS,Australia,W,Weekly,MCVD19,Mortality due to COVID-19,_T,Total,_T,Total,DT,Deaths,2023-W04,,0,,A,Normal value,0,Units
DATAFLOW,OECD.ELS.HD:DSD_HEALTH_MORTALITY@DF_MORTALITY_COVID(1.0),COVID-19 mortality by week,I,AUS,Australia,W,Weekly,MCVD19,Mortality due to COVID-19,_T,Total,_T,Total,DT,Deaths,2023-W05,,1161,,A,Normal value,0,Units
DATAFLOW,OECD.ELS.HD:DSD_HEALTH_MORTALITY@DF_MORTALITY_COVID(1.0),COVID-19 mortality by week,I,AUS,Australia,W,Weekly,MCVD19,Mortality due to COVID-19,_T,Total,_T,Total,DT,Deaths,2023-W06,,96,,A,Normal value,0,Units
DATAFLOW,OECD.ELS.HD:DSD_HEALTH_MORTALITY@DF_MORTALITY_COVID(1.0),COVID-19 mortality by week,I,AUS,Australia,W,Weekly,MCVD19,Mortality due to COVID-19,_T,Total,_T,Total,DT,Deaths,2023-W07,,89,,A,Normal value,0,Units
DATAFLOW,OECD.ELS.HD:DSD_HEALTH_MORTALITY@DF_MORTALITY_COVID(1.0),COVID-19 mortality by week,I,AUS,Australia,W,Weekly,MCVD19,Mortality due to COVID-19,_T,Total,_T,Total,DT,Deaths,2023-W08,,90,,A,Normal value,0,Units
DATAFLOW,OECD.ELS.HD:DSD_HEALTH_MORTALITY@DF_MORTALITY_COVID(1.0),COVID-19 mortality by week,I,AUS,Australia,W,Weekly,MCVD19,Mortality due to COVID-19,_T,Total,_T,Total,DT,Deaths,2023-W09,,78,,A,Normal value,0,Units
DATAFLOW,OECD.ELS.HD:DSD_HEALTH_MORTALITY@DF_MORTALITY_COVID(1.0),COVID-19 mortality by week,I,AUS,Australia,W,Weekly,MCVD19,Mortality due to COVID-19,_T,Total,_T,Total,DT,Deaths,2023-W10,,78,,A,Normal value,0,Units
DATAFLOW,OECD.ELS.HD:DSD_HEALTH_MORTALITY@DF_MORTALITY_COVID(1.0),COVID-19 mortality by week,I,AUS,Australia,W,Weekly,MCVD19,Mortality due to COVID-19,_T,Total,_T,Total,DT,Deaths,2023-W11,,88,,A,Normal value,0,Units
DATAFLOW,OECD.ELS.HD:DSD_HEALTH_MORTALITY@DF_MORTALITY_COVID(1.0),COVID-19 mortality by week,I,AUS,Australia,W,Weekly,MCVD19,Mortality due to COVID-19,_T,Total,_T,Total,DT,Deaths,2023-W12,,93,,A,Normal value,0,Units
DATAFLOW,OECD.ELS.HD:DSD_HEALTH_MORTALITY@DF_MORTALITY_COVID(1.0),COVID-19 mortality by week,I,AUS,Australia,W,Weekly,MCVD19,Mortality due to COVID-19,_T,Total,_T,Total,DT,Deaths,2023-W13,,103,,A,Normal value,0,Units
DATAFLOW,OECD.ELS.HD:DSD_HEALTH_MORTALITY@DF_MORTALITY_COVID(1.0),COVID-19 mortality by week,I,AUS,Australia,W,Weekly,MCVD19,Mortality due to COVID-19,_T,Total,_T,Total,DT,Deaths,2023-W14,,123,,A,Normal value,0,Units
DATAFLOW,OECD.ELS.HD:DSD_HEALTH_MORTALITY@DF_MORTALITY_COVID(1.0),COVID-19 mortality by week,I,AUS,Australia,W,Weekly,MCVD19,Mortality due to COVID-19,_T,Total,_T,Total,DT,Deaths,2023-W15,,131,,A,Normal value,0,Units
DATAFLOW,OECD.ELS.HD:DSD_HEALTH_MORTALITY@DF_MORTALITY_COVID(1.0),COVID-19 mortality by week,I,AUS,Australia,W,Weekly,MCVD19,Mortality due to COVID-19,_T,Total,_T,Total,DT,Deaths,2023-W16,,146,,A,Normal value,0,Units
DATAFLOW,OECD.ELS.HD:DSD_HEALTH_MORTALITY@DF_MORTALITY_COVID(1.0),COVID-19 mortality by week,I,AUS,Australia,W,Weekly,MCVD19,Mortality due to COVID-19,_T,Total,_T,Total,DT,Deaths,2023-W17,,155,,A,Normal value,0,Units
DATAFLOW,OECD.ELS.HD:DSD_HEALTH_MORTALITY@DF_MORTALITY_COVID(1.0),COVID-19 mortality by week,I,AUS,Australia,W,Weekly,MCVD19,Mortality due to COVID-19,_T,Total,_T,Total,DT,Deaths,2023-W18,,173,,A,Normal value,0,Units
DATAFLOW,OECD.ELS.HD:DSD_HEALTH_MORTALITY@DF_MORTALITY_COVID(1.0),COVID-19 mortality by week,I,AUS,Australia,W,Weekly,MCVD19,Mortality due to COVID-19,_T,Total,_T,Total,DT,Deaths,2023-W19,,173,,A,Normal value,0,Units
DATAFLOW,OECD.ELS.HD:DSD_HEALTH_MORTALITY@DF_MORTALITY_COVID(1.0),COVID-19 mortality by week,I,AUS,Australia,W,Weekly,MCVD19,Mortality due to COVID-19,_T,Total,_T,Total,DT,Deaths,2023-W20,,170,,A,Normal value,0,Units
DATAFLOW,OECD.ELS.HD:DSD_HEALTH_MORTALITY@DF_MORTALITY_COVID(1.0),COVID-19 mortality by week,I,AUS,Australia,W,Weekly,MCVD19,Mortality due to COVID-19,_T,Total,_T,Total,DT,Deaths,2023-W21,,213,,A,Normal value,0,Units
DATAFLOW,OECD.ELS.HD:DSD_HEALTH_MORTALITY@DF_MORTALITY_COVID(1.0),COVID-19 mortality by week,I,AUS,Australia,W,Weekly,MCVD19,Mortality due to COVID-19,_T,Total,_T,Total,DT,Deaths,2023-W22,,232,,A,Normal value,0,Units
DATAFLOW,OECD.ELS.HD:DSD_HEALTH_MORTALITY@DF_MORTALITY_COVID(1.0),COVID-19 mortality by week,I,AUS,Australia,W,Weekly,MCVD19,Mortality due to COVID-19,_T,Total,_T,Total,DT,Deaths,2023-W23,,226,,A,Normal value,0,Units
DATAFLOW,OECD.ELS.HD:DSD_HEALTH_MORTALITY@DF_MORTALITY_COVID(1.0),COVID-19 mortality by week,I,AUS,Australia,W,Weekly,MCVD19,Mortality due to COVID-19,_T,Total,_T,Total,DT,Deaths,2023-W24,,183,,A,Normal value,0,Units
DATAFLOW,OECD.ELS.HD:DSD_HEALTH_MORTALITY@DF_MORTALITY_COVID(1.0),COVID-19 mortality by week,I,AUS,Australia,W,Weekly,MCVD19,Mortality due to COVID-19,_T,Total,_T,Total,DT,Deaths,2023-W25,,59,,A,Normal value,0,Units
DATAFLOW,OECD.ELS.HD:DSD_HEALTH_MORTALITY@DF_MORTALITY_COVID(1.0),COVID-19 mortality by week,I,AUS,Australia,W,Weekly,MCVD19,Mortality due to COVID-19,_T,Total,_T,Total,DT,Deaths,2023-W26,,0,,A,Normal value,0,Units
DATAFLOW,OECD.ELS.HD:DSD_HEALTH_MORTALITY@DF_MORTALITY_COVID(1.0),COVID-19 mortality by week,I,AUS,Australia,W,Weekly,MCVD19,Mortality due to COVID-19,_T,Total,_T,Total,DT,Deaths,2023-W27,,0,,A,Normal value,0,Units
DATAFLOW,OECD.ELS.HD:DSD_HEALTH_MORTALITY@DF_MORTALITY_COVID(1.0),COVID-19 mortality by week,I,AUS,Australia,W,Weekly,MCVD19,Mortality due to COVID-19,_T,Total,_T,Total,DT,Deaths,2023-W28,,-76,,A,Normal value,0,Units
DATAFLOW,OECD.ELS.HD:DSD_HEALTH_MORTALITY@DF_MORTALITY_COVID(1.0),COVID-19 mortality by week,I,AUS,Australia,W,Weekly,MCVD19,Mortality due to COVID-19,_T,Total,_T,Total,DT,Deaths,2023-W29,,85,,A,Normal value,0,Units
DATAFLOW,OECD.ELS.HD:DSD_HEALTH_MORTALITY@DF_MORTALITY_COVID(1.0),COVID-19 mortality by week,I,AUS,Australia,W,Weekly,MCVD19,Mortality due to COVID-19,_T,Total,_T,Total,DT,Deaths,2023-W30,,60,,A,Normal value,0,Units
DATAFLOW,OECD.ELS.HD:DSD_HEALTH_MORTALITY@DF_MORTALITY_COVID(1.0),COVID-19 mortality by week,I,AUS,Australia,W,Weekly,MCVD19,Mortality due to COVID-19,_T,Total,_T,Total,DT,Deaths,2023-W31,,67,,A,Normal value,0,Units
DATAFLOW,OECD.ELS.HD:DSD_HEALTH_MORTALITY@DF_MORTALITY_COVID(1.0),COVID-19 mortality by week,I,AUS,Australia,W,Weekly,MCVD19,Mortality due to COVID-19,_T,Total,_T,Total,DT,Deaths,2023-W32,,0,,A,Normal value,0,Units
DATAFLOW,OECD.ELS.HD:DSD_HEALTH_MORTALITY@DF_MORTALITY_COVID(1.0),COVID-19 mortality by week,I,AUS,Australia,W,Weekly,MCVD19,Mortality due to COVID-19,_T,Total,_T,Total,DT,Deaths,2023-W33,,56,,A,Normal value,0,Units
DATAFLOW,OECD.ELS.HD:DSD_HEALTH_MORTALITY@DF_MORTALITY_COVID(1.0),COVID-19 mortality by week,I,AUS,Australia,W,Weekly,MCVD19,Mortality due to COVID-19,_T,Total,_T,Total,DT,Deaths,2023-W34,,53,,A,Normal value,0,Units
DATAFLOW,OECD.ELS.HD:DSD_HEALTH_MORTALITY@DF_MORTALITY_COVID(1.0),COVID-19 mortality by week,I,AUS,Australia,W,Weekly,MCVD19,Mortality due to COVID-19,_T,Total,_T,Total,DT,Deaths,2023-W35,,39,,A,Normal value,0,Units
DATAFLOW,OECD.ELS.HD:DSD_HEALTH_MORTALITY@DF_MORTALITY_COVID(1.0),COVID-19 mortality by week,I,AUS,Australia,W,Weekly,MCVD19,Mortality due to COVID-19,_T,Total,_T,Total,DT,Deaths,2023-W36,,40,,A,Normal value,0,Units
DATAFLOW,OECD.ELS.HD:DSD_HEALTH_MORTALITY@DF_MORTALITY_COVID(1.0),COVID-19 mortality by week,I,AUS,Australia,W,Weekly,MCVD19,Mortality due to COVID-19,_T,Total,_T,Total,DT,Deaths,2023-W37,,38,,A,Normal value,0,Units
DATAFLOW,OECD.ELS.HD:DSD_HEALTH_MORTALITY@DF_MORTALITY_COVID(1.0),COVID-19 mortality by week,I,AUS,Australia,W,Weekly,MCVD19,Mortality due to COVID-19,_T,Total,_T,Total,DT,Deaths,2023-W38,,37,,A,Normal value,0,Units
DATAFLOW,OECD.ELS.HD:DSD_HEALTH_MORTALITY@DF_MORTALITY_COVID(1.0),COVID-19 mortality by week,I,AUS,Australia,W,Weekly,MCVD19,Mortality due to COVID-19,_T,Total,_T,Total,DT,Deaths,2023-W39,,33,,A,Normal value,0,Units
DATAFLOW,OECD.ELS.HD:DSD_HEALTH_MORTALITY@DF_MORTALITY_COVID(1.0),COVID-19 mortality by week,I,AUS,Australia,W,Weekly,MCVD19,Mortality due to COVID-19,_T,Total,_T,Total,DT,Deaths,2023-W40,,78,,A,Normal value,0,Units
DATAFLOW,OECD.ELS.HD:DSD_HEALTH_MORTALITY@DF_MORTALITY_COVID(1.0),COVID-19 mortality by week,I,AUS,Australia,W,Weekly,MCVD19,Mortality due to COVID-19,_T,Total,_T,Total,DT,Deaths,2023-W41,,45,,A,Normal value,0,Units
DATAFLOW,OECD.ELS.HD:DSD_HEALTH_MORTALITY@DF_MORTALITY_COVID(1.0),COVID-19 mortality by week,I,AUS,Australia,W,Weekly,MCVD19,Mortality due to COVID-19,_T,Total,_T,Total,DT,Deaths,2023-W42,,52,,A,Normal value,0,Units
DATAFLOW,OECD.ELS.HD:DSD_HEALTH_MORTALITY@DF_MORTALITY_COVID(1.0),COVID-19 mortality by week,I,AUS,Australia,W,Weekly,MCVD19,Mortality due to COVID-19,_T,Total,_T,Total,DT,Deaths,2023-W43,,72,,A,Normal value,0,Units
DATAFLOW,OECD.ELS.HD:DSD_HEALTH_MORTALITY@DF_MORTALITY_COVID(1.0),COVID-19 mortality by week,I,AUS,Australia,W,Weekly,MCVD19,Mortality due to COVID-19,_T,Total,_T,Total,DT,Deaths,2023-W44,,51,,A,Normal value,0,Units
DATAFLOW,OECD.ELS.HD:DSD_HEALTH_MORTALITY@DF_MORTALITY_COVID(1.0),COVID-19 mortality by week,I,AUS,Australia,W,Weekly,MCVD19,Mortality due to COVID-19,_T,Total,_T,Total,DT,Deaths,2023-W45,,0,,A,Normal value,0,Units
DATAFLOW,OECD.ELS.HD:DSD_HEALTH_MORTALITY@DF_MORTALITY_COVID(1.0),COVID-19 mortality by week,I,AUS,Australia,W,Weekly,MCVD19,Mortality due to COVID-19,_T,Total,_T,Total,DT,Deaths,2023-W46,,204,,A,Normal value,0,Units
DATAFLOW,OECD.ELS.HD:DSD_HEALTH_MORTALITY@DF_MORTALITY_COVID(1.0),COVID-19 mortality by week,I,AUS,Australia,W,Weekly,MCVD19,Mortality due to COVID-19,_T,Total,_T,Total,DT,Deaths,2023-W47,,89,,A,Normal value,0,Units
DATAFLOW,OECD.ELS.HD:DSD_HEALTH_MORTALITY@DF_MORTALITY_COVID(1.0),COVID-19 mortality by week,I,AUS,Australia,W,Weekly,MCVD19,Mortality due to COVID-19,_T,Total,_T,Total,DT,Deaths,2023-W48,,152,,A,Normal value,0,Units
DATAFLOW,OECD.ELS.HD:DSD_HEALTH_MORTALITY@DF_MORTALITY_COVID(1.0),COVID-19 mortality by week,I,AUS,Australia,W,Weekly,MCVD19,Mortality due to COVID-19,_T,Total,_T,Total,DT,Deaths,2023-W49,,172,,A,Normal value,0,Units
DATAFLOW,OECD.ELS.HD:DSD_HEALTH_MORTALITY@DF_MORTALITY_COVID(1.0),COVID-19 mortality by week,I,AUS,Australia,W,Weekly,MCVD19,Mortality due to COVID-19,_T,Total,_T,Total,DT,Deaths,2023-W50,,92,,A,Normal value,0,Units
DATAFLOW,OECD.ELS.HD:DSD_HEALTH_MORTALITY@DF_MORTALITY_COVID(1.0),COVID-19 mortality by week,I,AUS,Australia,W,Weekly,MCVD19,Mortality due to COVID-19,_T,Total,_T,Total,DT,Deaths,2023-W51,,64,,A,Normal value,0,Units
DATAFLOW,OECD.ELS.HD:DSD_HEALTH_MORTALITY@DF_MORTALITY_COVID(1.0),COVID-19 mortality by week,I,AUS,Australia,W,Weekly,MCVD19,Mortality due to COVID-19,_T,Total,_T,Total,DT,Deaths,2023-W52,,71,,A,Normal value,0,Units
DATAFLOW,OECD.ELS.HD:DSD_HEALTH_MORTALITY@DF_MORTALITY_COVID(1.0),COVID-19 mortality by week,I,AUS,Australia,W,Weekly,MCVD19,Mortality due to COVID-19,_T,Total,_T,Total,DT,Deaths,2024-W01,,63,,A,Normal value,0,Units
DATAFLOW,OECD.ELS.HD:DSD_HEALTH_MORTALITY@DF_MORTALITY_COVID(1.0),COVID-19 mortality by week,I,AUS,Australia,W,Weekly,MCVD19,Mortality due to COVID-19,_T,Total,_T,Total,DT,Deaths,2024-W02,,60,,A,Normal value,0,Units
DATAFLOW,OECD.ELS.HD:DSD_HEALTH_MORTALITY@DF_MORTALITY_COVID(1.0),COVID-19 mortality by week,I,AUS,Australia,W,Weekly,MCVD19,Mortality due to COVID-19,_T,Total,_T,Total,DT,Deaths,2024-W03,,137,,A,Normal value,0,Units
